"id","sid","aname","amoney","aday","atime","cid"
"42","15","布布话费","2460","19/10/2020","19/10/2020 10:51:54","0"
"50","34","外卖","1370","19/10/2020","19/10/2020 15:39:49","0"
"51","34","外卖","1323","18/10/2020","19/10/2020 15:40:05","0"
"52","34","外卖","1538","18/10/2020","19/10/2020 15:40:19","0"
"53","12","布布生日蛋糕","7000","19/10/2020","20/10/2020 10:44:40","0"
"54","22","公交","100","20/10/2020","20/10/2020 10:45:31","0"
"55","30","工作餐","790","20/10/2020","20/10/2020 14:29:33","0"
"56","20","顺风车去厦门站","3680","1/10/2020","21/10/2020 00:01:40","0"
"57","52","旺仔小馒头","200","1/10/2020","21/10/2020 00:02:08","0"
"58","33","沙县小吃","8500","1/10/2020","21/10/2020 00:02:29","0"
"59","35","牙刷毛巾","900","1/10/2020","21/10/2020 00:02:47","0"
"60","36","打火机","100","1/10/2020","21/10/2020 00:03:03","0"
"61","52","口香糖","200","1/10/2020","21/10/2020 00:03:19","0"
"62","56","酸奶","1150","1/10/2020","21/10/2020 00:03:34","0"
"63","12","岳母鸭干","8000","1/10/2020","21/10/2020 00:04:11","0"
"64","54","鸭干","6000","1/10/2020","21/10/2020 00:04:23","0"
"65","13","老爸生日","20000","2/10/2020","21/10/2020 00:09:57","0"
"66","55","调料","1800","2/10/2020","21/10/2020 00:10:06","0"
"67","36","可可烟","3800","2/10/2020","21/10/2020 00:10:21","0"
"68","56","水果牛奶","1400","2/10/2020","21/10/2020 00:10:37","0"
"69","30","饿了么会员","1000","2/10/2020","23/10/2020 00:24:19","0"
"70","14","可可话费","2000","2/10/2020","21/10/2020 00:12:22","0"
"71","51","袜子","500","2/10/2020","21/10/2020 00:11:59","0"
"72","48","卸妆油","9300","3/10/2020","21/10/2020 00:12:48","0"
"73","22","公交","100","3/10/2020","21/10/2020 00:12:56","0"
"74","21","厦门","10200","3/10/2020","21/10/2020 00:13:40","0"
"75","52","冰糖雪梨","300","5/10/2020","21/10/2020 00:14:16","0"
"76","13","老妈200回宝宝100","10000","5/10/2020","21/10/2020 00:14:40","0"
"77","13","奶奶中秋","10000","5/10/2020","21/10/2020 00:14:53","0"
"78","13","昕雨","50000","5/10/2020","21/10/2020 00:15:15","0"
"79","21","上京","4800","6/10/2020","21/10/2020 00:15:49","0"
"80","20","出租车","1600","6/10/2020","21/10/2020 00:16:05","0"
"81","26","兔兔","5000","6/10/2020","21/10/2020 00:16:57","0"
"82","51","服饰","25600","6/10/2020","21/10/2020 00:32:51","0"
"83","21","携童补","5000","7/10/2020","21/10/2020 00:17:50","0"
"84","25","小度","10900","7/10/2020","21/10/2020 00:18:17","0"
"85","45","电影","15000","6/10/2020","21/10/2020 00:18:54","0"
"86","52","万达水","2400","6/10/2020","21/10/2020 00:19:12","0"
"87","27","服饰鞋","5000","6/10/2020","21/10/2020 00:19:41","0"
"88","13","外公","10000","7/10/2020","21/10/2020 00:19:54","0"
"89","13","池欣结婚","20000","3/10/2020","21/10/2020 00:20:23","0"
"90","34","肯德基玉米土豆泥","1450","7/10/2020","21/10/2020 00:20:59","0"
"91","36","可可烟","1700","7/10/2020","21/10/2020 00:21:07","0"
"92","56","水果牛奶","990","7/10/2020","21/10/2020 00:21:19","0"
"93","54","泡面火腿","4180","7/10/2020","21/10/2020 00:21:45","0"
"94","24","奶粉","29500","7/10/2020","21/10/2020 00:22:13","0"
"95","54","菜肉蛋","4470","8/10/2020","21/10/2020 00:22:39","0"
"96","56","水果牛奶","810","8/10/2020","21/10/2020 00:22:49","0"
"97","54","菜肉蛋","2560","8/10/2020","21/10/2020 00:23:03","0"
"98","22","公交","400","9/10/2020","21/10/2020 00:23:32","0"
"99","54","菜肉蛋","1960","9/10/2020","21/10/2020 00:26:12","0"
"100","22","公交","1000","9/10/2020","21/10/2020 00:26:25","0"
"101","56","安佳牛奶","9900","10/10/2020","21/10/2020 00:26:54","0"
"102","30","工作餐","1050","10/10/2020","21/10/2020 00:27:05","0"
"103","22","公交","100","10/10/2020","21/10/2020 00:27:20","0"
"104","54","菜肉蛋","2080","10/10/2020","21/10/2020 00:27:33","0"
"105","52","零食饮料","100","10/10/2020","21/10/2020 00:27:50","0"
"106","56","苹果","910","10/10/2020","21/10/2020 00:28:10","0"
"107","54","菜肉蛋","1480","10/10/2020","21/10/2020 00:28:21","0"
"108","54","馒头包子","3450","11/10/2020","21/10/2020 00:29:39","0"
"109","52","零食饮料","300","11/10/2020","21/10/2020 00:28:50","0"
"110","54","菜肉蛋","2740","11/10/2020","21/10/2020 00:29:02","0"
"111","54","菜肉蛋","1440","12/10/2020","21/10/2020 00:29:54","0"
"112","56","桃子","740","12/10/2020","21/10/2020 00:30:17","0"
"113","52","零食饮料","370","12/10/2020","21/10/2020 00:30:28","0"
"114","35","垃圾袋","900","12/10/2020","21/10/2020 00:30:44","0"
"115","30","工作餐","1407","12/10/2020","21/10/2020 00:30:56","0"
"116","22","公交","100","12/10/2020","21/10/2020 00:31:04","0"
"117","30","工作餐","1400","13/10/2020","21/10/2020 00:31:33","0"
"118","56","水果牛奶","440","13/10/2020","21/10/2020 00:31:42","0"
"119","22","公交","100","13/10/2020","21/10/2020 00:32:21","0"
"120","22","公交","100","21/10/2020","21/10/2020 00:32:10","0"
"121","54","菜肉蛋","4760","13/10/2020","21/10/2020 00:33:26","0"
"122","17","工作话费","5000","13/10/2020","21/10/2020 00:33:43","0"
"123","56","酸奶","1490","13/10/2020","21/10/2020 00:34:08","0"
"124","54","菜肉蛋","1260","13/10/2020","21/10/2020 00:34:22","0"
"125","30","工作餐","1400","14/10/2020","21/10/2020 00:34:35","0"
"126","22","公交","100","14/10/2020","21/10/2020 00:34:41","0"
"127","35","日用品","100","14/10/2020","21/10/2020 00:34:52","0"
"128","52","米饼","2400","14/10/2020","21/10/2020 00:35:13","0"
"129","54","菜肉蛋","1020","14/10/2020","21/10/2020 00:35:38","0"
"130","51","手提包退货","800","14/10/2020","21/10/2020 00:36:01","0"
"131","56","水果牛奶","560","15/10/2020","21/10/2020 00:36:22","0"
"132","22","公交","100","15/10/2020","21/10/2020 00:36:59","0"
"133","30","工作餐","1160","15/10/2020","21/10/2020 00:37:11","0"
"134","54","菜肉蛋","2290","15/10/2020","21/10/2020 00:37:26","0"
"135","26","玩","1190","15/10/2020","21/10/2020 00:37:34","0"
"136","30","工作餐","1060","16/10/2020","21/10/2020 00:37:50","0"
"137","52","矿泉水","150","16/10/2020","21/10/2020 00:38:05","0"
"138","22","公交","100","16/10/2020","21/10/2020 00:38:48","0"
"139","54","菜肉蛋","4200","16/10/2020","21/10/2020 00:38:42","0"
"140","20","打车","1900","17/10/2020","21/10/2020 00:39:06","0"
"141","21","厦门到大田","8800","17/10/2020","21/10/2020 00:42:15","0"
"142","34","外卖","1323","18/10/2020","21/10/2020 00:39:59","0"
"143","34","外卖","1538","18/10/2020","21/10/2020 00:40:06","0"
"144","15","布布话费","2460","18/10/2020","21/10/2020 00:40:24","0"
"145","26","平衡车","19800","19/10/2020","21/10/2020 00:40:53","0"
"146","12","老妈50岁衣服含奶奶爸爸","100800","19/10/2020","21/10/2020 00:41:24","0"
"147","21","回厦门","14600","19/10/2020","21/10/2020 00:43:01","0"
"148","56","柚子","1600","20/10/2020","21/10/2020 00:44:24","0"
"149","54","菜肉蛋","1420","20/10/2020","21/10/2020 00:44:39","0"
"150","54","2桶水","1700","20/10/2020","21/10/2020 00:44:58","0"
"151","27","秋衣秋裤","2600","20/10/2020","21/10/2020 09:13:24","0"
"152","54","蒜花生土豆西红柿榨菜鱼","4310","21/10/2020","21/10/2020 11:38:39","0"
"153","30","工作餐","1050","21/10/2020","21/10/2020 10:59:16","0"
"154","35","洗衣粉","1690","21/10/2020","21/10/2020 11:38:10","0"
"155","54","鸡蛋葱","780","21/10/2020","21/10/2020 17:32:37","0"
"156","22","🚌🚌🚌","100","22/10/2020","22/10/2020 09:37:40","0"
"157","56","火龙果","270","22/10/2020","22/10/2020 10:24:56","0"
"158","54","香菇🧅小白菜茭白猪肉","4960","22/10/2020","22/10/2020 10:26:55","0"
"159","30","工作餐","1300","22/10/2020","22/10/2020 11:21:39","0"
"160","35","抽纸*3箱","13500","22/10/2020","22/10/2020 15:41:55","0"
"161","56","酸奶","1690","22/10/2020","22/10/2020 18:49:24","0"
"162","52","冰糖雪梨","400","22/10/2020","22/10/2020 18:50:12","0"
"163","30","工作餐","1260","23/10/2020","23/10/2020 11:13:02","0"
"164","15","布布话费","5000","23/10/2020","23/10/2020 21:22:18","0"
"165","52","冰糖葫芦","500","24/10/2020","24/10/2020 12:44:12","0"
"166","22","🚌","100","23/10/2020","24/10/2020 12:44:45","0"
"167","53","馒头","900","24/10/2020","24/10/2020 12:45:06","0"
"168","53","面条","1050","24/10/2020","24/10/2020 12:45:35","0"
"169","54","🥬香菇","480","24/10/2020","24/10/2020 12:46:17","0"
"170","22","公交","150","24/10/2020","24/10/2020 18:51:09","0"
"171","33","火锅","14500","24/10/2020","24/10/2020 18:51:40","0"
"172","22","公交","600","24/10/2020","24/10/2020 19:09:48","0"
"173","38","板蓝根","2500","24/10/2020","24/10/2020 19:10:16","0"
"174","40","👵👩👧2021医保","84000","24/10/2020","24/10/2020 19:26:03","0"
"175","21","11.01三明回厦门","21300","24/10/2020","24/10/2020 23:12:17","0"
"176","21","10.30厦门到三明","10650","24/10/2020","24/10/2020 23:12:09","0"
"177","21","10.30厦门到三明","11250","24/10/2020","24/10/2020 23:12:02","0"
"178","22","地铁2*4*2","1600","25/10/2020","25/10/2020 17:46:34","0"
"179","22","公交","300","25/10/2020","25/10/2020 17:47:21","0"
"180","54","菜肉蛋","180","25/10/2020","25/10/2020 17:47:34","0"
"181","52","雪糕冰棒","900","25/10/2020","25/10/2020 17:47:56","0"
"182","54","🐟🥕🌰","2700","25/10/2020","26/10/2020 00:06:37","0"
"183","53","🍜","1050","25/10/2020","26/10/2020 00:06:52","0"
"184","30","工作餐","1596","26/10/2020","26/10/2020 11:07:08","0"
"185","56","🍊脆李🍌","2160","26/10/2020","26/10/2020 17:34:52","0"
"186","54","🍆空心菜青椒🥔猪肉🎃🥚","2560","26/10/2020","26/10/2020 17:37:25","0"
"187","53","大米","690","26/10/2020","26/10/2020 17:36:47","0"
"188","36","红狼2包","3000","26/10/2020","26/10/2020 19:00:22","0"
"189","52","养乐多","1090","26/10/2020","26/10/2020 23:24:59","0"
"190","30","工作餐","990","27/10/2020","27/10/2020 11:10:10","0"
"191","54","🥬🥦秋葵苦瓜小葱","1510","27/10/2020","28/10/2020 00:32:49","0"
"192","56","脆李","490","27/10/2020","28/10/2020 00:33:14","0"
"193","22","公交","100","27/10/2020","28/10/2020 00:33:32","0"
"194","22","公交","300","26/10/2020","28/10/2020 00:33:50","0"
"195","30","工作餐","2009","28/10/2020","28/10/2020 11:24:06","0"
"196","52","银耳汤蛋挞","1100","28/10/2020","28/10/2020 15:19:52","0"
"197","54","🌽萝卜海带🧅花菜🐟","3040","28/10/2020","28/10/2020 15:21:05","0"
"198","53","手抓饼","1280","28/10/2020","28/10/2020 15:21:53","0"
"199","38","999","1300","28/10/2020","29/10/2020 00:18:13","0"
"200","35","烧水壶","7900","29/10/2020","29/10/2020 00:18:40","0"
"201","22","公交","100","28/10/2020","29/10/2020 00:21:50","0"
"202","22","公交","100","29/10/2020","29/10/2020 00:22:19","0"
"203","35","沐浴露洗发水（三明家）","5370","29/10/2020","29/10/2020 11:04:08","0"
"204","30","工作餐","1259","29/10/2020","29/10/2020 11:04:36","0"
"205","54","两桶大桶水","1240","29/10/2020","29/10/2020 11:04:41","0"
"206","53","🍞","890","29/10/2020","29/10/2020 11:05:19","0"
"207","56","红提🍇","2060","29/10/2020","29/10/2020 12:57:38","0"
"208","54","🎃茭白🧅","730","29/10/2020","29/10/2020 12:58:13","0"
"209","52","手指饼辣条","670","29/10/2020","29/10/2020 17:09:29","0"
"210","30","工作餐","1688","30/10/2020","30/10/2020 11:10:55","0"
"211","22","公交","700","30/10/2020","30/10/2020 17:49:19","0"
"212","22","地铁","300","30/10/2020","30/10/2020 21:46:21","0"
"213","22","沙县","100","30/10/2020","30/10/2020 21:45:52","0"
"214","22","公交","50","30/10/2020","30/10/2020 22:06:41","0"
"215","22","公交","1100","31/10/2020","1/11/2020 00:08:52","0"
"216","33","包子","600","31/10/2020","31/10/2020 20:39:26","0"
"217","33","水面包","650","31/10/2020","31/10/2020 20:40:12","0"
"218","52","奶茶","1474","31/10/2020","31/10/2020 20:40:35","0"
"219","34","拌面+砂锅","2900","31/10/2020","1/11/2020 00:04:54","0"
"220","27","靴子","8900","31/10/2020","1/11/2020 00:06:25","0"
"221","51","内裤袜子皮筋","7000","31/10/2020","1/11/2020 00:07:08","0"
"222","36","红狼➕打火机","1600","30/10/2020","1/11/2020 01:05:51","0"
"223","33","拌面🍜","400","1/11/2020","14/11/2020 10:21:03","0"
"224","22","公交","1400","1/11/2020","2/11/2020 10:32:39","0"
"225","14","可可话费","2000","1/11/2020","1/11/2020 10:12:36","0"
"226","34","刀削面x2","2749","1/11/2020","1/11/2020 20:24:47","0"
"227","22","公交","100","1/11/2020","1/11/2020 20:25:54","0"
"228","22","地铁","800","1/11/2020","2/11/2020 10:32:44","0"
"229","52","可乐","600","1/11/2020","1/11/2020 20:26:24","0"
"230","56","酸奶","1040","1/11/2020","1/11/2020 20:26:39","0"
"231","56","🍊橙子","1550","2/11/2020","2/11/2020 10:30:03","0"
"232","54","大白菜🥕白萝卜秋葵荷兰🐟豆浆葱豆🍠","3450","2/11/2020","2/11/2020 20:35:14","0"
"233","26","泡泡","200","2/11/2020","2/11/2020 10:31:51","0"
"234","50","驾校尾款","160000","2/11/2020","2/11/2020 12:06:54","0"
"235","14","可可话费","3000","2/11/2020","2/11/2020 12:09:54","0"
"236","53","大米10kg","6250","2/11/2020","2/11/2020 17:42:28","0"
"237","54","鸡蛋","910","2/11/2020","2/11/2020 17:42:44","0"
"238","54","鸡蛋🥚","990","2/11/2020","2/11/2020 17:42:54","0"
"239","53","🍞","760","2/11/2020","2/11/2020 20:35:33","0"
"240","57","宝宝纸尿裤","28400","3/11/2020","3/11/2020 00:14:34","0"
"241","54","花菜🧅红豆豆腐盐","1730","3/11/2020","3/11/2020 10:52:53","0"
"242","35","保鲜膜","500","3/11/2020","3/11/2020 10:52:39","0"
"243","56","苹果","400","3/11/2020","3/11/2020 10:54:29","0"
"244","22","公交","100","3/11/2020","3/11/2020 11:12:37","0"
"245","30","工作餐","1500","3/11/2020","3/11/2020 11:12:49","0"
"246","22","地铁","300","3/11/2020","3/11/2020 18:36:24","0"
"247","35","洗碗海绵🧽","350","3/11/2020","3/11/2020 23:56:21","0"
"248","56","柚子","640","4/11/2020","4/11/2020 10:03:31","0"
"249","35","透明胶","400","4/11/2020","4/11/2020 10:03:49","0"
"250","54","瘦肉茭白包菜生姜海带🍅","5490","4/11/2020","4/11/2020 10:06:01","0"
"251","53","馄炖","2180","4/11/2020","4/11/2020 10:05:53","0"
"252","30","工作餐","1090","4/11/2020","4/11/2020 18:49:24","0"
"253","22","公交","100","4/11/2020","4/11/2020 18:49:31","0"
"254","36","可可烟","1500","4/11/2020","4/11/2020 18:49:42","0"
"255","36","可可烟","1500","4/11/2020","4/11/2020 18:49:47","0"
"256","30","工作餐","1280","5/11/2020","5/11/2020 11:16:08","0"
"257","22","公交","100","5/11/2020","5/11/2020 11:16:15","0"
"258","54","🥬🧅🥕生姜","1487","5/11/2020","5/11/2020 15:31:08","0"
"259","54","花蛤白萝卜青椒荷兰豆🥔","1800","6/11/2020","6/11/2020 11:31:32","0"
"260","56","两盒酸奶","1580","6/11/2020","6/11/2020 19:23:29","0"
"261","56","🥝","590","6/11/2020","6/11/2020 19:23:51","0"
"262","54","两桶大桶水","1300","6/11/2020","6/11/2020 19:25:20","0"
"263","30","工作餐","1280","6/11/2020","6/11/2020 19:25:31","0"
"264","22","公交","100","6/11/2020","6/11/2020 19:25:35","0"
"265","54","🐟豆腐🥕手抓饼豆浆","3000","6/11/2020","6/11/2020 19:25:50","0"
"266","22","公交","300","7/11/2020","7/11/2020 18:39:55","0"
"267","52","冰糖雪梨","300","7/11/2020","7/11/2020 18:40:09","0"
"268","22","公交","300","8/11/2020","8/11/2020 11:23:14","0"
"269","54","🍞🍞","310","8/11/2020","8/11/2020 11:24:11","0"
"270","53","🍞","410","7/11/2020","8/11/2020 14:46:58","0"
"271","54","葱🧄","320","7/11/2020","8/11/2020 14:47:13","0"
"272","54","猪肉饺子皮芹菜空心菜苦瓜🍅山药木耳🌽🌰","6070","8/11/2020","8/11/2020 16:59:06","0"
"273","48","理发💇","1800","8/11/2020","8/11/2020 19:06:23","0"
"274","38","儿童口罩酒精","2300","8/11/2020","8/11/2020 19:07:11","0"
"275","52","可乐","200","8/11/2020","8/11/2020 19:07:23","0"
"276","54","紫菜🥒鸡胸肉🥚白菜🥕香菇松花豆腐","3170","9/11/2020","9/11/2020 16:43:08","0"
"277","53","🍞","700","9/11/2020","9/11/2020 10:17:42","0"
"278","54","🦐葱","1370","9/11/2020","9/11/2020 10:18:00","0"
"279","30","工作餐","1080","9/11/2020","9/11/2020 11:12:56","0"
"280","22","公交","100","9/11/2020","9/11/2020 11:13:00","0"
"281","53","华夫饼🧇","1190","9/11/2020","9/11/2020 16:42:42","0"
"282","56","🍐🍌金桔","1110","10/11/2020","10/11/2020 10:09:52","0"
"283","54","🥔秋葵🎃","640","10/11/2020","10/11/2020 10:11:50","0"
"284","35","杯子","500","10/11/2020","10/11/2020 10:11:58","0"
"285","30","工作餐","1280","10/11/2020","10/11/2020 11:03:29","0"
"286","22","公交","100","10/11/2020","10/11/2020 11:03:35","0"
"287","52","冰糖雪梨","450","10/11/2020","10/11/2020 18:57:18","0"
"288","36","可可烟","1500","10/11/2020","10/11/2020 18:57:32","0"
"289","36","打火机","100","10/11/2020","10/11/2020 18:57:42","0"
"290","30","工作餐","880","10/11/2020","10/11/2020 21:14:22","0"
"291","38","酮康唑乳膏","1800","10/11/2020","10/11/2020 20:18:57","0"
"292","22","公交","100","10/11/2020","10/11/2020 20:19:16","0"
"293","35","🔋","500","10/11/2020","11/11/2020 07:38:12","0"
"294","22","公交","200","11/11/2020","11/11/2020 11:10:44","0"
"295","30","工作餐","1388","11/11/2020","11/11/2020 11:10:50","0"
"296","54","萝卜瘦肉🥦磨口菇葱🍠","2920","11/11/2020","11/11/2020 19:13:14","0"
"297","58","湿纸巾","7102","11/11/2020","11/11/2020 22:27:26","0"
"298","27","袜子🧦","1742","11/11/2020","11/11/2020 22:27:43","0"
"299","58","毛巾","2622","11/11/2020","11/11/2020 22:28:05","0"
"300","51","打底裤","6864","11/11/2020","11/11/2020 22:28:49","0"
"301","56","人养一头牛纯牛奶*2箱","8990","11/11/2020","11/11/2020 23:03:55","0"
"302","30","工作餐","1189","12/11/2020","12/11/2020 11:04:26","0"
"303","22","公交","400","12/11/2020","13/11/2020 12:37:33","0"
"304","54","木耳🥕青椒糖","930","12/11/2020","12/11/2020 15:42:55","0"
"305","56","🍇","1300","12/11/2020","12/11/2020 15:42:33","0"
"306","54","黄骨鱼拌面🍗","2877","12/11/2020","12/11/2020 15:43:27","0"
"307","26","儿童乐园","3500","12/11/2020","12/11/2020 15:43:47","0"
"308","54","宝宝蛋","1350","12/11/2020","12/11/2020 20:23:23","0"
"309","30","工作餐","1339","13/11/2020","13/11/2020 11:10:43","0"
"310","56","酸奶*两盒","1580","13/11/2020","13/11/2020 12:36:17","0"
"311","53","泡面","990","13/11/2020","13/11/2020 12:36:28","0"
"312","54","花蛤海带🥕冬瓜","1580","13/11/2020","13/11/2020 12:37:26","0"
"313","34","小笼包茶叶蛋","700","14/11/2020","14/11/2020 10:16:47","0"
"314","54","芋头🌽🧅白萝卜豆子","2600","14/11/2020","14/11/2020 10:17:24","0"
"315","54","烤鸭","3750","14/11/2020","14/11/2020 10:17:51","0"
"316","52","烤肠*2","600","14/11/2020","14/11/2020 10:18:14","0"
"317","51","睡裤","3000","14/11/2020","14/11/2020 10:19:03","0"
"318","15","布布话费","4483","14/11/2020","14/11/2020 10:24:30","0"
"319","52","kfc冰激凌🍦圣代","1700","15/11/2020","15/11/2020 11:05:50","0"
"320","53","馒头包子烧卖","5250","15/11/2020","15/11/2020 11:10:02","0"
"321","54","🐟🥦豆腐","2159","15/11/2020","15/11/2020 17:16:56","0"
"322","35","洗洁精","950","15/11/2020","15/11/2020 17:17:14","0"
"323","56","大桶水*2","1198","15/11/2020","15/11/2020 17:17:32","0"
"324","54","鸡翅茭白🍅🥒🥔包菜","6520","16/11/2020","16/11/2020 12:08:23","0"
"325","56","🍐火龙果","720","16/11/2020","16/11/2020 12:08:47","0"
"326","30","工作餐","1670","16/11/2020","16/11/2020 12:09:03","0"
"327","36","可可烟","1500","16/11/2020","16/11/2020 21:56:59","0"
"328","36","可可烟","1500","16/11/2020","16/11/2020 21:57:04","0"
"329","52","可乐","200","16/11/2020","16/11/2020 21:57:13","0"
"330","22","公交","100","16/11/2020","16/11/2020 22:06:36","0"
"331","22","公交","100","16/11/2020","16/11/2020 22:06:47","0"
"332","54","🥚","990","14/11/2020","17/11/2020 08:28:01","0"
"333","54","🦐豆浆花菜萝卜🌰豆干","3190","17/11/2020","17/11/2020 10:35:59","0"
"334","53","🍞","700","17/11/2020","17/11/2020 10:36:07","0"
"335","56","🍊","220","17/11/2020","17/11/2020 10:36:15","0"
"336","30","工作餐","1250","17/11/2020","17/11/2020 11:08:59","0"
"337","22","地铁","300","17/11/2020","17/11/2020 21:12:39","0"
"338","22","公交","200","17/11/2020","17/11/2020 21:13:11","0"
"339","30","工作餐","1270","18/11/2020","18/11/2020 11:02:25","0"
"340","22","公交","200","18/11/2020","20/11/2020 11:01:30","0"
"341","56","🍐🍌","1070","18/11/2020","18/11/2020 22:21:40","0"
"342","54","香菇🎃","910","18/11/2020","18/11/2020 22:22:41","0"
"343","35","小面包","3290","18/11/2020","18/11/2020 22:23:03","0"
"344","52","冰糖雪梨","400","18/11/2020","18/11/2020 22:23:14","0"
"345","38","宝宝药膏","1460","18/11/2020","18/11/2020 22:23:40","0"
"346","52","每日坚果","500","19/11/2020","19/11/2020 10:22:22","0"
"347","56","🍎","500","19/11/2020","19/11/2020 10:28:05","0"
"348","54","排骨红豆秋葵🌽🍠","4330","19/11/2020","19/11/2020 10:28:40","0"
"349","48","防晒霜🧴","21800","19/11/2020","19/11/2020 10:29:30","0"
"350","30","工作餐","1070","19/11/2020","19/11/2020 11:15:48","0"
"351","22","公交","200","19/11/2020","20/11/2020 11:01:23","0"
"352","35","🔋","800","20/11/2020","20/11/2020 10:23:04","0"
"353","56","🍊🥝","798","20/11/2020","20/11/2020 10:26:22","0"
"354","54","🥔🥦🥕鹅菜🐟葱","1689","20/11/2020","20/11/2020 10:27:17","0"
"355","53","小馒头小笼包","697","20/11/2020","20/11/2020 10:26:50","0"
"356","30","工作餐","1320","20/11/2020","20/11/2020 11:01:14","0"
"357","22","公交","200","20/11/2020","20/11/2020 11:01:40","0"
"358","54","🥚","750","20/11/2020","20/11/2020 16:54:37","0"
"359","52","米饼🍘","500","20/11/2020","20/11/2020 16:54:47","0"
"360","22","地铁","300","20/11/2020","21/11/2020 15:56:22","0"
"361","22","公交","1200","21/11/2020","21/11/2020 20:01:31","0"
"362","36","可可烟","1900","21/11/2020","21/11/2020 15:57:01","0"
"363","36","打火机","100","21/11/2020","21/11/2020 15:57:10","0"
"364","20","打车","1414","21/11/2020","21/11/2020 16:01:42","0"
"365","20","打车","1500","21/11/2020","21/11/2020 16:01:47","0"
"366","33","麦当劳","7300","21/11/2020","21/11/2020 16:03:30","0"
"367","56","酸奶2盒","1690","21/11/2020","21/11/2020 20:01:25","0"
"368","52","风车糖","300","22/11/2020","22/11/2020 10:42:10","0"
"369","54","瘦肉花蛤🥬🍅","2100","22/11/2020","22/11/2020 10:42:47","0"
"370","55","菜籽油","4990","22/11/2020","22/11/2020 16:57:03","0"
"371","55","盐🧂","180","22/11/2020","22/11/2020 16:57:32","0"
"372","53","手抓饼","1000","22/11/2020","22/11/2020 16:57:54","0"
"373","54","大桶水*2","1198","22/11/2020","22/11/2020 16:58:09","0"
"374","54","生姜","699","22/11/2020","22/11/2020 16:58:23","0"
"375","54","菜肉蛋","220","22/11/2020","22/11/2020 18:01:04","0"
"376","33","必胜客","18900","23/11/2020","23/11/2020 18:01:50","0"
"377","36","可可烟","1500","23/11/2020","23/11/2020 19:00:02","0"
"378","36","可可烟","1500","23/11/2020","23/11/2020 19:00:06","0"
"379","54","鸭胗青椒🥕大白菜🥒红枣","4200","23/11/2020","23/11/2020 22:20:24","0"
"380","52","小小酥","380","23/11/2020","23/11/2020 22:20:35","0"
"381","25","格林童话","9800","23/11/2020","23/11/2020 23:52:27","0"
"382","58","牙刷（四个刷头）","9900","23/11/2020","23/11/2020 23:52:46","0"
"383","54","馄炖🌽豆腐🎃","2970","24/11/2020","24/11/2020 16:30:15","0"
"384","58","🥄","1962","24/11/2020","24/11/2020 16:30:30","0"
"385","22","公交","200","24/11/2020","24/11/2020 20:48:47","0"
"386","30","工作餐","1200","24/11/2020","24/11/2020 20:48:51","0"
"387","56","🍊","430","25/11/2020","25/11/2020 10:44:11","0"
"388","54","猪肉🥦🥜","3310","25/11/2020","25/11/2020 10:45:20","0"
"389","52","饼干","360","25/11/2020","25/11/2020 10:45:32","0"
"390","30","工作餐","1333","25/11/2020","25/11/2020 11:07:22","0"
"391","22","公交","100","25/11/2020","25/11/2020 11:07:26","0"
"392","22","公交","100","25/11/2020","25/11/2020 18:57:31","0"
"393","58","奶瓶刷子","2790","25/11/2020","25/11/2020 23:25:21","0"
"394","25","彩笔","5600","25/11/2020","25/11/2020 23:31:35","0"
"395","35","垃圾袋","700","26/11/2020","26/11/2020 10:27:47","0"
"396","54","肉心秋裤🥬🥕四季豆豆浆","3990","26/11/2020","26/11/2020 10:33:31","0"
"397","56","🍌","280","26/11/2020","26/11/2020 10:28:39","0"
"398","53","面条🍞","1256","26/11/2020","26/11/2020 10:33:00","0"
"399","54","金鲳鱼","1490","26/11/2020","26/11/2020 10:33:22","0"
"400","30","工作餐","970","26/11/2020","27/11/2020 11:14:35","0"
"401","54","🥚","800","27/11/2020","27/11/2020 09:56:02","0"
"402","52","可乐","200","24/11/2020","27/11/2020 09:56:54","0"
"403","54","萝卜🍠葱🧅","490","27/11/2020","27/11/2020 10:46:10","0"
"404","30","工作餐","1080","27/11/2020","27/11/2020 11:12:15","0"
"405","30","饿了么1月会员","200","27/11/2020","27/11/2020 11:13:25","0"
"406","30","饿了么12月会员","200","26/11/2020","27/11/2020 11:14:18","0"
"407","54","🧄🥔酸菜小米椒🍠🌽🎃🍅","2360","28/11/2020","28/11/2020 23:44:36","0"
"408","52","菊花茶果冻","300","28/11/2020","28/11/2020 23:45:02","0"
"409","54","多宝鱼口蘑菇","2270","28/11/2020","28/11/2020 23:45:48","0"
"410","53","小面包","698","28/11/2020","28/11/2020 23:46:13","0"
"411","56","酸奶","790","28/11/2020","28/11/2020 23:46:28","0"
"412","54","鸡爪","3180","29/11/2020","29/11/2020 12:06:08","0"
"413","52","饮料","480","29/11/2020","29/11/2020 12:36:01","0"
"414","54","龙口粉丝🥬","800","29/11/2020","29/11/2020 12:36:17","0"
"415","53","面包蛋挞","1800","29/11/2020","29/11/2020 12:36:30","0"
"416","36","可可烟","1500","29/11/2020","30/11/2020 09:33:52","0"
"417","36","可可烟","1600","29/11/2020","30/11/2020 09:34:06","0"
"418","22","地铁","600","28/11/2020","30/11/2020 09:36:23","0"
"419","22","公交","100","28/11/2020","30/11/2020 09:36:32","0"
"420","30","工作餐","1428","28/11/2020","30/11/2020 09:35:40","0"
"421","22","公交","100","26/11/2020","30/11/2020 09:37:13","0"
"422","22","公交","400","27/11/2020","30/11/2020 09:38:56","0"
"423","22","公交","250","30/11/2020","30/11/2020 20:37:14","0"
"424","56","🍊🍇","1280","30/11/2020","30/11/2020 10:53:08","0"
"425","54","前腿肉🥟🥕秋葵松花菜香菇","5300","30/11/2020","30/11/2020 10:54:06","0"
"426","30","工作餐","1400","30/11/2020","30/11/2020 18:06:20","0"
"427","56","🥝","1080","30/11/2020","1/12/2020 00:34:59","0"
"428","52","🍪","1590","30/11/2020","1/12/2020 00:36:10","0"
"429","54","🦑","1390","30/11/2020","1/12/2020 00:35:35","0"
"430","54","大桶水*2","1380","30/11/2020","1/12/2020 00:36:05","0"
"431","54","🥚","520","30/11/2020","1/12/2020 00:37:23","0"
"432","39","D3","9800","30/11/2020","1/12/2020 00:58:02","0"
"433","56","🍊","190","1/12/2020","1/12/2020 10:29:39","0"
"434","54","排骨海带鸡胸脯🍄🥕🥒🥬","4760","1/12/2020","1/12/2020 10:30:25","0"
"435","35","去起球器","4500","1/12/2020","1/12/2020 15:00:12","0"
"436","26","奇趣蛋","800","2/12/2020","2/12/2020 10:36:40","0"
"437","54","山药瘦肉🍅豆泡🥬小葱🥕","3500","2/12/2020","2/12/2020 10:37:52","0"
"438","53","🍞","700","2/12/2020","2/12/2020 10:38:42","0"
"439","56","酸奶*2","1580","2/12/2020","2/12/2020 10:39:12","0"
"440","54","金鲳鱼🐟豆浆","1750","2/12/2020","2/12/2020 10:39:42","0"
"441","24","益生菌50","22780","3/12/2020","3/12/2020 00:20:07","0"
"442","39","T","3500","2/12/2020","3/12/2020 00:20:43","0"
"443","30","工作餐","1180","3/12/2020","3/12/2020 11:13:25","0"
"444","22","公交","100","3/12/2020","3/12/2020 11:13:31","0"
"445","54","🥚🌽腐竹馄炖","5120","3/12/2020","3/12/2020 16:50:29","0"
"446","54","🦐🐔","3270","3/12/2020","3/12/2020 16:51:10","0"
"447","17","工作话费","3000","3/12/2020","3/12/2020 20:57:57","0"
"448","14","可可话费","2000","3/12/2020","3/12/2020 20:58:07","0"
"449","36","可可烟","1500","3/12/2020","3/12/2020 21:02:08","0"
"450","36","可可烟","1500","3/12/2020","3/12/2020 21:02:13","0"
"451","52","小馒头","500","4/12/2020","4/12/2020 10:28:49","0"
"452","56","🍌","230","4/12/2020","4/12/2020 10:29:01","0"
"453","54","荷兰豆🍠空心菜火腿肠豆腐","2200","4/12/2020","4/12/2020 10:29:31","0"
"454","53","大米","1240","4/12/2020","5/12/2020 10:21:55","0"
"455","54","花蛤🥔鸭血葱🎃","1870","5/12/2020","5/12/2020 10:23:20","0"
"456","53","🍞","800","5/12/2020","5/12/2020 15:50:43","0"
"457","54","大桶水🐟","2000","5/12/2020","5/12/2020 15:51:09","0"
"458","56","🍐","480","6/12/2020","6/12/2020 11:22:41","0"
"459","54","三层肉木耳🌽青椒","3940","6/12/2020","6/12/2020 11:23:26","0"
"460","56","🍇🍊","1070","7/12/2020","7/12/2020 10:06:40","0"
"461","54","花菜🥕豆腐","710","7/12/2020","7/12/2020 10:06:29","0"
"462","52","冰糖雪梨","350","7/12/2020","7/12/2020 10:06:57","0"
"463","53","拌面","1180","7/12/2020","7/12/2020 16:20:14","0"
"464","54","彩云雕","1180","7/12/2020","7/12/2020 16:20:31","0"
"465","30","工作餐","1428","4/12/2020","8/12/2020 12:22:56","0"
"466","52","可乐","300","5/12/2020","8/12/2020 12:23:52","0"
"467","55","糖料酒","980","6/12/2020","8/12/2020 12:25:10","0"
"468","23","打印","1990","7/12/2020","8/12/2020 12:26:28","0"
"469","52","可乐","200","7/12/2020","8/12/2020 12:26:49","0"
"470","22","公交","100","7/12/2020","8/12/2020 12:27:21","0"
"471","30","工作餐","1090","5/12/2020","8/12/2020 12:28:17","0"
"472","53","大米","5600","8/12/2020","8/12/2020 17:49:19","0"
"473","54","鸭肉🧅秋葵茶树菇🥚萝卜","6950","8/12/2020","8/12/2020 17:50:16","0"
"474","55","生姜","350","9/12/2020","9/12/2020 11:48:54","0"
"475","56","芦柑","520","9/12/2020","9/12/2020 15:46:36","0"
"476","53","大米面条","950","9/12/2020","9/12/2020 15:48:04","0"
"477","54","乌鸡金针菇🥦🥔香菇","3310","9/12/2020","10/12/2020 10:52:04","0"
"478","52","矿泉水","200","9/12/2020","9/12/2020 17:48:14","0"
"479","22","公交","300","9/12/2020","9/12/2020 17:49:20","0"
"480","36","可可烟","1500","8/12/2020","11/12/2020 09:02:15","0"
"481","36","可可烟","1500","8/12/2020","11/12/2020 09:02:05","0"
"482","56","安佳2","9492","10/12/2020","10/12/2020 09:35:27","0"
"483","38","宝宝药和维生素d3","6463","10/12/2020","10/12/2020 09:36:01","0"
"484","22","公交","300","10/12/2020","10/12/2020 09:36:15","0"
"485","15","布布话费","4480","10/12/2020","10/12/2020 10:51:47","0"
"486","56","🍌","210","10/12/2020","10/12/2020 12:46:45","0"
"487","54","瘦肉南瓜茭白🍆白萝卜🍅","2410","10/12/2020","10/12/2020 12:47:36","0"
"488","26","儿童乐园","3500","10/12/2020","10/12/2020 15:15:40","0"
"489","22","公交","200","10/12/2020","10/12/2020 16:57:14","0"
"490","56","🍊","640","11/12/2020","11/12/2020 10:39:33","0"
"491","54","瘦肉🥬🥚白萝卜🥒","2680","11/12/2020","11/12/2020 10:42:29","0"
"492","53","🍞","780","11/12/2020","11/12/2020 10:43:13","0"
"493","54","🐟大桶水豆腐🥕🍠","4035","11/12/2020","11/12/2020 10:50:18","0"
"494","53","馒头肉包","4850","12/12/2020","12/12/2020 08:08:20","0"
"495","54","香菇🧅🌽海带🥬排骨","4300","12/12/2020","12/12/2020 13:36:33","0"
"496","56","🍓🍌","870","13/12/2020","13/12/2020 10:47:44","0"
"497","54","🥬青椒包菜","1050","13/12/2020","13/12/2020 10:48:28","0"
"498","20","摩的","800","13/12/2020","13/12/2020 16:54:57","0"
"499","22","公交","1100","13/12/2020","14/12/2020 20:57:18","0"
"500","35","被子","16900","13/12/2020","14/12/2020 09:57:38","0"
"501","36","可可烟","1500","14/12/2020","14/12/2020 18:44:39","0"
"502","55","盐🧂","200","14/12/2020","14/12/2020 18:45:08","0"
"503","54","宝宝鸡蛋🥚","1350","14/12/2020","14/12/2020 18:45:32","0"
"504","33","舒友海鲜大酒楼","15900","13/12/2020","14/12/2020 20:57:01","0"
"505","34","麻辣烫","2066","14/12/2020","14/12/2020 22:45:11","0"
"506","54","🧄🥬🥔豆芽🦐","2807","15/12/2020","15/12/2020 16:51:58","0"
"507","56","柚子","130","15/12/2020","15/12/2020 16:52:14","0"
"508","51","👖","7700","15/12/2020","15/12/2020 16:53:08","0"
"509","27","雪地靴","5200","15/12/2020","15/12/2020 16:53:34","0"
"510","27","秋衣秋裤","7600","15/12/2020","15/12/2020 16:53:49","0"
"511","35","牙膏","370","15/12/2020","15/12/2020 16:54:11","0"
"512","35","抽纸*4箱","16000","15/12/2020","15/12/2020 16:55:13","0"
"513","58","洗衣液🧼","11500","15/12/2020","15/12/2020 16:55:35","0"
"514","27","拖鞋","2652","15/12/2020","15/12/2020 16:55:57","0"
"515","27","睡袋","36800","15/12/2020","15/12/2020 16:56:12","0"
"516","36","可可烟","1500","16/12/2020","16/12/2020 11:37:08","0"
"517","53","🥪🍰","1842","16/12/2020","16/12/2020 12:39:34","0"
"518","56","酸奶","680","16/12/2020","16/12/2020 12:39:45","0"
"519","54","鸡胸脯油麦菜🥦🥒🥬白萝卜","1970","16/12/2020","16/12/2020 12:42:31","0"
"520","56","🍎🍊火龙果","1260","16/12/2020","16/12/2020 12:42:36","0"
"521","53","馄炖","1700","17/12/2020","17/12/2020 10:19:13","0"
"522","54","豆腐青椒香菇榨菜生姜南包菜瓜","4500","17/12/2020","17/12/2020 10:20:04","0"
"523","54","苦瓜豆芽花菜黄豆","1480","18/12/2020","18/12/2020 11:10:54","0"
"524","35","小面包","3250","18/12/2020","18/12/2020 11:11:28","0"
"525","52","红枣","420","18/12/2020","18/12/2020 17:31:58","0"
"526","54","大桶水","1300","17/12/2020","18/12/2020 17:32:27","0"
"527","54","🐟","398","17/12/2020","18/12/2020 17:32:41","0"
"528","35","钢丝球","350","17/12/2020","18/12/2020 17:33:16","0"
"529","54","饺子皮前腿肉香菇葱","5090","19/12/2020","19/12/2020 17:56:42","0"
"530","25","书本×2","3000","19/12/2020","19/12/2020 18:15:48","0"
"531","36","可可烟","1500","17/12/2020","19/12/2020 18:16:21","0"
"532","36","可可烟","1500","17/12/2020","19/12/2020 18:16:30","0"
"533","52","可乐","200","17/12/2020","19/12/2020 18:16:48","0"
"534","54","鸡胸脯海带木耳🥕🥒🥬","3121","20/12/2020","21/12/2020 00:10:03","0"
"535","56","🍈🍊","1500","20/12/2020","21/12/2020 00:09:58","0"
"536","22","🚇","700","20/12/2020","21/12/2020 00:11:19","0"
"537","54","🍆茭白🍅","1360","21/12/2020","21/12/2020 10:23:03","0"
"538","53","🍞","640","21/12/2020","21/12/2020 10:23:12","0"
"539","56","🍇","400","21/12/2020","21/12/2020 10:23:24","0"
"540","52","冰糖雪梨","400","21/12/2020","21/12/2020 10:23:35","0"
"541","56","酸奶","680","21/12/2020","21/12/2020 10:30:40","0"
"542","54","🐟","1590","21/12/2020","21/12/2020 10:30:50","0"
"543","53","肉饼","790","21/12/2020","21/12/2020 10:31:04","0"
"544","27","打底裤","3600","21/12/2020","21/12/2020 23:07:20","0"
"545","54","花蛤🎃豆腐","1310","22/12/2020","22/12/2020 10:54:20","0"
"546","35","垃圾袋保鲜袋","1090","22/12/2020","22/12/2020 10:54:42","0"
"547","54","🐟皮皮虾","2166","22/12/2020","22/12/2020 22:32:47","0"
"548","56","龙眼","399","23/12/2020","23/12/2020 16:02:48","0"
"549","54","大桶水秋葵🥔","2519","23/12/2020","23/12/2020 16:03:40","0"
"550","54","花菜🥚火腿肠","1800","23/12/2020","23/12/2020 17:12:09","0"
"551","35","小面包","1710","23/12/2020","23/12/2020 16:05:18","0"
"552","30","工作餐","1400","23/12/2020","23/12/2020 18:44:03","0"
"553","30","工作餐","1200","23/12/2020","23/12/2020 18:44:07","0"
"554","36","打火机","100","23/12/2020","23/12/2020 18:44:20","0"
"555","58","奶瓶🍼","6500","23/12/2020","23/12/2020 21:53:48","0"
"556","56","🍌🍐","1040","24/12/2020","24/12/2020 10:58:37","0"
"557","54","冬瓜豆泡","480","24/12/2020","24/12/2020 10:59:07","0"
"558","35","棉签","400","24/12/2020","24/12/2020 10:59:14","0"
"559","22","公交","600","23/12/2020","24/12/2020 18:45:38","0"
"560","22","公交","800","24/12/2020","25/12/2020 07:30:07","0"
"561","30","工作餐","1200","24/12/2020","24/12/2020 20:05:41","0"
"562","30","工作餐","1400","24/12/2020","24/12/2020 20:05:46","0"
"563","30","工作餐","150","25/12/2020","25/12/2020 08:38:50","0"
"564","22","公交","1300","25/12/2020","25/12/2020 19:08:03","0"
"565","30","工作餐","1200","25/12/2020","25/12/2020 12:23:13","0"
"566","30","工作餐","1260","25/12/2020","25/12/2020 19:07:45","0"
"567","54","🌰🍅🥦茭白","3150","25/12/2020","25/12/2020 22:03:13","0"
"568","52","棉花糖饼干","630","25/12/2020","25/12/2020 22:04:38","0"
"569","56","🍓","2280","25/12/2020","25/12/2020 22:04:02","0"
"570","53","拌面","1380","25/12/2020","25/12/2020 22:04:21","0"
"571","40","爸爸医保","28000","25/12/2020","25/12/2020 23:48:09","0"
"572","22","公交","700","26/12/2020","26/12/2020 22:27:46","0"
"573","30","工作餐","1500","26/12/2020","26/12/2020 22:27:52","0"
"574","36","可可烟","1500","26/12/2020","26/12/2020 22:28:08","0"
"575","20","打车","1150","26/12/2020","26/12/2020 23:28:01","0"
"576","54","茭白萝卜生姜豆泡🐟","2740","26/12/2020","27/12/2020 08:04:27","0"
"577","56","酸奶两盒","1400","26/12/2020","27/12/2020 08:04:40","0"
"578","24","奶粉囤货","27400","26/12/2020","27/12/2020 08:05:21","0"
"579","30","工作餐","1400","27/12/2020","27/12/2020 18:09:10","0"
"580","33","集美万达周麻婆","11100","27/12/2020","27/12/2020 18:09:33","0"
"581","26","万达宝贝王充值","45400","27/12/2020","27/12/2020 18:10:13","0"
"582","22","公交","720","27/12/2020","28/12/2020 10:37:55","0"
"583","35","配钥匙","500","28/12/2020","28/12/2020 12:39:29","0"
"584","36","可可烟","1500","28/12/2020","28/12/2020 12:39:37","0"
"585","56","小金桔","430","28/12/2020","28/12/2020 16:59:51","0"
"586","53","🍞","590","28/12/2020","28/12/2020 16:59:58","0"
"587","54","馄炖空心菜🍠","2960","28/12/2020","28/12/2020 17:50:20","0"
"588","30","工作餐","1200","28/12/2020","28/12/2020 22:41:18","0"
"589","22","公交","700","28/12/2020","28/12/2020 22:41:26","0"
"590","34","肯德基","2700","28/12/2020","28/12/2020 23:20:13","0"
"591","56","🍊","260","29/12/2020","29/12/2020 11:08:33","0"
"592","54","面粉🥕🥒🦐秋葵","3502","29/12/2020","29/12/2020 16:28:29","0"
"593","55","盐","200","29/12/2020","29/12/2020 11:09:43","0"
"594","30","工作餐","1400","29/12/2020","29/12/2020 12:09:02","0"
"595","22","公交","350","29/12/2020","29/12/2020 12:09:08","0"
"596","30","工作餐","550","29/12/2020","29/12/2020 12:09:44","0"
"597","30","工作餐","1500","29/12/2020","29/12/2020 18:24:41","0"
"598","20","打车","2700","29/12/2020","30/12/2020 00:07:53","0"
"599","22","公交","120","29/12/2020","30/12/2020 00:07:47","0"
"600","17","工作话费","5000","30/12/2020","30/12/2020 00:17:41","0"
"601","56","🍊🍒","1390","30/12/2020","30/12/2020 10:16:17","0"
"602","54","🥬萝卜🐟","1780","30/12/2020","30/12/2020 10:20:55","0"
"603","53","面包","638","30/12/2020","30/12/2020 10:21:14","0"
"604","15","布布话费","5000","30/12/2020","30/12/2020 15:03:56","0"
"605","56","🥝","300","31/12/2020","31/12/2020 17:36:00","0"
"606","54","花菜豆芽香菇","1500","31/12/2020","31/12/2020 17:36:13","0"
"607","26","元旦玩具","1280","31/12/2020","31/12/2020 17:36:36","0"
"608","30","工作餐","1200","30/12/2020","31/12/2020 18:06:02","0"
"609","30","工作餐","1400","30/12/2020","31/12/2020 18:06:09","0"
"610","30","工作餐","1400","31/12/2020","31/12/2020 18:06:14","0"
"611","57","拉拉裤","8500","26/12/2020","1/1/2021 23:15:32","0"
"612","36","🚬","1200","1/1/2021","1/1/2021 23:12:37","0"
"613","51","裤子","12900","1/1/2021","1/1/2021 23:12:51","0"
"614","51","爸爸鞋","37950","1/1/2021","1/1/2021 23:13:04","0"
"615","54","水","300","1/1/2021","1/1/2021 23:13:29","0"
"616","51","鞋垫","2000","1/1/2021","1/1/2021 23:20:35","0"
"617","51","耳钉","5000","1/1/2021","1/1/2021 23:14:21","0"
"618","22","公交","700","31/12/2020","1/1/2021 23:14:30","0"
"619","12","老妈耳钉","8000","1/1/2021","1/1/2021 23:14:40","0"
"620","58","嘎嘎🐶发卡","3260","1/1/2021","1/1/2021 23:15:19","0"
"621","22","公交","400","1/1/2021","1/1/2021 23:15:44","0"
"622","34","KFC","3880","31/12/2020","1/1/2021 23:17:08","0"
"623","36","可可烟","1500","30/12/2020","1/1/2021 23:18:55","0"
"624","51","毛鞋","4000","1/1/2021","1/1/2021 23:20:49","0"
"625","14","可可话费","2000","1/1/2021","1/1/2021 23:21:01","0"
"626","51","可可衣服","36400","1/1/2021","1/1/2021 23:22:24","0"
"627","33","烤肉","18900","1/1/2021","1/1/2021 23:25:29","0"
"628","53","🍞","620","1/1/2021","1/1/2021 23:26:32","0"
"629","54","大桶水","1189","1/1/2021","1/1/2021 23:26:51","0"
"630","20","奥特","2900","2/1/2021","2/1/2021 11:45:56","0"
"631","51","布布大衣🧥","70100","2/1/2021","2/1/2021 11:46:15","0"
"632","20","打车","2800","2/1/2021","2/1/2021 12:00:24","0"
"633","12","田昕雨小沙锤","4700","2/1/2021","2/1/2021 16:04:05","0"
"634","22","公交","1200","2/1/2021","2/1/2021 20:17:58","0"
"635","34","外卖","1070","2/1/2021","2/1/2021 20:18:08","0"
"636","30","工作餐","2700","3/1/2021","3/1/2021 12:49:51","0"
"637","30","工作餐","1270","3/1/2021","3/1/2021 20:45:05","0"
"638","22","公交","1200","3/1/2021","3/1/2021 20:45:12","0"
"639","54","🍠🧅火腿肠🥕","1670","3/1/2021","3/1/2021 22:33:05","0"
"640","26","吹吹响","100","3/1/2021","3/1/2021 22:33:27","0"
"641","30","工作餐","1200","4/1/2021","4/1/2021 12:26:58","0"
"642","30","工作餐","1400","4/1/2021","4/1/2021 18:59:19","0"
"643","22","公交","600","4/1/2021","5/1/2021 09:08:50","0"
"644","30","工作餐","600","4/1/2021","5/1/2021 07:41:59","0"
"646","54","小白菜泡面火腿肠","2230","4/1/2021","5/1/2021 18:18:35","0"
"647","56","🍐🍎","1000","4/1/2021","5/1/2021 18:18:40","0"
"648","35","贴纸","250","4/1/2021","5/1/2021 18:18:44","0"
"649","12","田昕雨围巾","2400","5/1/2021","5/1/2021 18:19:14","0"
"650","27","乔迁新衣","8000","5/1/2021","5/1/2021 18:19:46","0"
"651","48","剪头发","4000","5/1/2021","5/1/2021 18:20:09","0"
"652","21","大田到梅林","500","5/1/2021","5/1/2021 18:20:24","0"
"653","30","工作餐","1170","5/1/2021","5/1/2021 21:54:13","0"
"654","30","工作餐","1170","5/1/2021","5/1/2021 21:54:20","0"
"655","22","公交","1200","5/1/2021","5/1/2021 21:54:30","0"
"656","30","工作餐","200","6/1/2021","6/1/2021 08:59:13","0"
"657","30","工作餐","1400","6/1/2021","6/1/2021 12:26:53","0"
"658","22","公交","600","6/1/2021","6/1/2021 12:26:59","0"
"659","36","可可烟","1900","5/1/2021","6/1/2021 19:07:21","0"
"660","21","厦门北到三明11号","11250","6/1/2021","6/1/2021 19:18:20","0"
"663","36","可可烟","1900","7/1/2021","7/1/2021 08:09:19","0"
"664","54","🥟","4000","6/1/2021","7/1/2021 10:08:48","0"
"666","22","公交","600","7/1/2021","7/1/2021 12:28:48","0"
"667","30","工作餐","600","7/1/2021","7/1/2021 12:28:55","0"
"668","30","工作餐","1200","7/1/2021","7/1/2021 12:28:59","0"
"669","32","乔迁宴订金","150000","7/1/2021","7/1/2021 12:29:57","0"
"670","30","工作餐","1789","7/1/2021","7/1/2021 17:48:04","0"
"671","22","公交","200","7/1/2021","7/1/2021 23:38:06","0"
"672","20","打车","737","7/1/2021","7/1/2021 23:38:13","0"
"673","21","长途","4000","7/1/2021","7/1/2021 23:38:17","0"
"674","51","线衣和保暖内衣","26800","7/1/2021","7/1/2021 23:39:02","0"
"675","33","麻辣烫","2670","7/1/2021","7/1/2021 23:39:29","0"
"676","53","面包蛋挞蛋黄酥","6130","7/1/2021","7/1/2021 23:39:47","0"
"677","23","插座","5880","7/1/2021","7/1/2021 23:40:58","0"
"678","23","果盘","4980","7/1/2021","7/1/2021 23:41:48","0"
"679","30","工作餐","2600","8/1/2021","8/1/2021 18:41:32","0"
"680","30","工作餐","400","9/1/2021","9/1/2021 12:12:39","0"
"681","30","工作餐","1600","9/1/2021","9/1/2021 12:12:43","0"
"682","22","公交","600","8/1/2021","9/1/2021 12:13:38","0"
"683","22","公交","1200","9/1/2021","9/1/2021 21:07:37","0"
"684","36","可可烟","900","9/1/2021","9/1/2021 20:39:12","0"
"686","30","工作餐","2000","9/1/2021","9/1/2021 21:07:19","0"
"687","30","工作餐","1670","10/1/2021","10/1/2021 19:30:23","0"
"688","36","可可烟","1600","9/1/2021","10/1/2021 19:30:52","0"
"689","36","可可烟","1900","9/1/2021","10/1/2021 19:31:14","0"
"690","54","泡面*4","1150","9/1/2021","10/1/2021 19:32:55","0"
"691","22","公交","1800","10/1/2021","10/1/2021 19:33:48","0"
"692","17","换电池","13800","10/1/2021","10/1/2021 22:55:38","0"
"693","23","垃圾桶","8300","8/1/2021","13/1/2021 08:16:18","0"
"694","23","宝宝椅子","5000","10/1/2021","13/1/2021 08:16:43","0"
"695","57","纸尿裤3包","37800","12/1/2021","13/1/2021 08:17:16","0"
"696","23","宝宝餐椅","10400","12/1/2021","13/1/2021 08:25:18","0"
"697","27","羽绒服","15400","8/1/2021","13/1/2021 08:19:37","0"
"698","21","回栋仁","1000","9/1/2021","13/1/2021 08:25:11","0"
"699","26","气球","500","9/1/2021","13/1/2021 08:21:01","0"
"700","35","静电喷雾","3270","10/1/2021","13/1/2021 08:21:30","0"
"701","23","电风吹","17900","9/1/2021","13/1/2021 08:21:56","0"
"702","23","乔迁苹果","29500","11/1/2021","13/1/2021 08:24:56","0"
"703","53","面包","1430","11/1/2021","13/1/2021 08:24:52","0"
"704","23","对联","3000","11/1/2021","13/1/2021 08:24:44","0"
"705","23","酒席","480000","12/1/2021","13/1/2021 08:24:14","0"
"706","20","打车","2700","11/1/2021","13/1/2021 08:45:50","0"
"707","23","网口水晶头","4500","11/1/2021","13/1/2021 09:03:00","0"
"708","23","停车费","500","11/1/2021","13/1/2021 09:02:55","0"
"709","23","老哥买东西","80000","12/1/2021","13/1/2021 09:02:49","0"
"710","23","老妈买东西","40000","12/1/2021","13/1/2021 09:02:43","0"
"711","23","老爸买东西","10000","12/1/2021","13/1/2021 09:02:29","0"
"712","23","酒水","120000","12/1/2021","13/1/2021 09:02:24","0"
"713","23","袋子","4200","11/1/2021","13/1/2021 09:02:17","0"
"714","48","理发💇","1500","11/1/2021","13/1/2021 09:02:13","0"
"715","23","出入平安和笔","5250","11/1/2021","13/1/2021 09:02:07","0"
"716","23","凳子插排等","8900","11/1/2021","13/1/2021 09:02:02","0"
"717","23","老哥话费","10000","11/1/2021","13/1/2021 09:01:57","0"
"718","23","宽带","75000","11/1/2021","13/1/2021 09:01:50","0"
"719","33","早餐","1100","11/1/2021","13/1/2021 09:01:38","0"
"720","22","公交","800","13/1/2021","13/1/2021 14:03:45","0"
"721","23","日用品","55500","13/1/2021","13/1/2021 23:06:19","0"
"723","54","🥦🧄🌽","1500","13/1/2021","13/1/2021 23:05:42","0"
"724","23","遮菜罩","2500","13/1/2021","13/1/2021 23:07:01","0"
"725","27","羽绒服","9900","13/1/2021","13/1/2021 23:07:15","0"
"726","27","👖","6000","13/1/2021","13/1/2021 23:09:38","0"
"727","23","回包","100000","14/1/2021","14/1/2021 09:11:38","0"
"728","23","米粿腿30*7","21000","14/1/2021","14/1/2021 09:18:00","0"
"729","23","粿腿50*8","40000","14/1/2021","14/1/2021 09:20:06","0"
"730","23","外公大鸡腿","30000","14/1/2021","14/1/2021 09:20:10","0"
"731","23","没来回100*5","50000","14/1/2021","14/1/2021 09:20:49","0"
"732","23","给老妈买衣服还有买东西","200000","14/1/2021","14/1/2021 09:21:20","0"
"733","54","🐟香菇🍠萝卜豆芽生姜🧄等","10060","14/1/2021","14/1/2021 14:34:59","0"
"734","23","拖鞋置购架，晾衣夹","8300","14/1/2021","14/1/2021 23:51:34","0"
"735","54","面粉酱油","2070","15/1/2021","15/1/2021 14:05:36","0"
"736","35","小面包","2550","15/1/2021","15/1/2021 14:05:52","0"
"737","56","酸奶","1600","15/1/2021","15/1/2021 14:06:22","0"
"738","55","料酒","510","15/1/2021","15/1/2021 14:06:36","0"
"739","24","D3","3800","15/1/2021","15/1/2021 14:08:06","0"
"740","30","梅菜扣肉","3200","14/1/2021","15/1/2021 18:22:10","0"
"741","22","公交","700","14/1/2021","15/1/2021 18:22:30","0"
"742","30","工作餐","1500","14/1/2021","15/1/2021 18:22:43","0"
"743","22","公交","600","14/1/2021","15/1/2021 18:23:04","0"
"744","30","工作餐","1200","15/1/2021","15/1/2021 18:23:15","0"
"745","30","工作餐","1400","15/1/2021","15/1/2021 18:23:20","0"
"746","22","公交","100","15/1/2021","15/1/2021 18:23:23","0"
"747","30","工作餐","150","15/1/2021","15/1/2021 18:23:35","0"
"748","22","公交","310","14/1/2021","15/1/2021 18:24:05","0"
"749","22","公交","600","15/1/2021","15/1/2021 18:24:19","0"
"750","22","公交","600","15/1/2021","15/1/2021 23:09:38","0"
"751","20","打车","1220","15/1/2021","15/1/2021 23:09:43","0"
"752","30","工作餐","1575","16/1/2021","16/1/2021 20:23:22","0"
"753","30","工作餐","1200","16/1/2021","16/1/2021 20:23:50","0"
"754","22","公交","1400","16/1/2021","16/1/2021 20:23:55","0"
"755","48","面霜*2","30000","16/1/2021","16/1/2021 23:25:01","0"
"756","23","鞋架","5900","15/1/2021","16/1/2021 23:26:23","0"
"757","23","门后衣服架*2","4000","15/1/2021","16/1/2021 23:27:51","0"
"758","23","衣架收纳架","3260","15/1/2021","16/1/2021 23:27:56","0"
"759","30","工作餐","1270","17/1/2021","17/1/2021 11:49:19","0"
"760","22","公交","700","17/1/2021","17/1/2021 14:20:59","0"
"761","48","发箍","1400","17/1/2021","17/1/2021 22:42:38","0"
"762","24","奶粉*2","32300","17/1/2021","17/1/2021 23:01:28","0"
"763","35","小面包","800","17/1/2021","17/1/2021 23:01:42","0"
"764","30","工作餐","1200","18/1/2021","18/1/2021 19:07:07","0"
"765","30","工作餐","1200","18/1/2021","18/1/2021 19:07:13","0"
"766","22","公交","1400","18/1/2021","18/1/2021 19:07:18","0"
"767","23","天然气50立方","21500","19/1/2021","19/1/2021 00:09:57","0"
"768","52","冰糖葫芦","300","19/1/2021","19/1/2021 00:10:10","0"
"769","54","🐟海带","1100","19/1/2021","19/1/2021 00:10:19","0"
"770","23","毛巾架*2","4000","19/1/2021","19/1/2021 00:10:42","0"
"771","27","宝宝毛拖","4000","19/1/2021","19/1/2021 00:11:16","0"
"772","54","🦐🐟豆腐青椒","5000","20/1/2021","21/1/2021 17:11:46","0"
"773","56","🍇","1000","20/1/2021","21/1/2021 17:11:31","0"
"774","30","工作餐","1200","19/1/2021","21/1/2021 20:00:21","0"
"775","30","工作餐","1200","19/1/2021","21/1/2021 20:00:28","0"
"776","22","公交","1400","19/1/2021","21/1/2021 20:00:37","0"
"777","22","公交","1200","20/1/2021","21/1/2021 23:38:10","0"
"778","30","工作餐","1400","20/1/2021","21/1/2021 20:02:46","0"
"779","30","工作餐","3000","20/1/2021","21/1/2021 20:02:53","0"
"780","22","公交","1400","21/1/2021","21/1/2021 20:03:02","0"
"781","30","工作餐","1400","21/1/2021","21/1/2021 20:03:17","0"
"782","36","可可烟","1900","21/1/2021","21/1/2021 20:03:22","0"
"783","30","工作餐","2500","21/1/2021","21/1/2021 20:03:35","0"
"784","36","可可烟","1500","21/1/2021","21/1/2021 20:19:26","0"
"785","36","可可烟","1500","21/1/2021","21/1/2021 20:19:30","0"
"786","52","冰糖雪梨","300","21/1/2021","21/1/2021 20:19:45","0"
"787","54","🧅","220","21/1/2021","21/1/2021 23:37:26","0"
"788","30","工作餐","2280","22/1/2021","22/1/2021 11:00:30","0"
"789","52","小熊饼干","600","22/1/2021","22/1/2021 19:21:17","0"
"790","58","宝宝皮筋绘画本笔勺子","3780","22/1/2021","22/1/2021 19:22:20","0"
"791","22","公交","200","22/1/2021","22/1/2021 19:22:44","0"
"792","52","绝味鸭脖","2900","22/1/2021","22/1/2021 19:23:18","0"
"793","54","鸡蛋花菜青椒","1970","22/1/2021","22/1/2021 19:23:43","0"
"794","48","卸妆油","10200","23/1/2021","23/1/2021 08:53:02","0"
"795","50","二建","19280","23/1/2021","23/1/2021 08:53:42","0"
"796","30","工作餐","1000","23/1/2021","23/1/2021 20:40:22","0"
"797","22","公交","1400","23/1/2021","23/1/2021 20:40:26","0"
"798","22","公交","700","22/1/2021","23/1/2021 20:40:49","0"
"799","54","排骨面条海带南瓜土豆","4000","23/1/2021","24/1/2021 00:09:13","0"
"800","56","酸奶","1690","23/1/2021","24/1/2021 00:10:34","0"
"801","53","🍞","790","23/1/2021","24/1/2021 00:10:25","0"
"802","30","工作餐","1290","24/1/2021","24/1/2021 12:00:14","0"
"803","22","公交","400","24/1/2021","25/1/2021 08:36:04","0"
"804","30","工作餐","1160","24/1/2021","24/1/2021 17:42:20","0"
"805","50","MacBookPRO二手","324900","24/1/2021","24/1/2021 17:43:13","0"
"806","33","麦当劳🍔","5750","25/1/2021","25/1/2021 08:36:35","0"
"807","15","布布话费","5000","25/1/2021","25/1/2021 08:37:26","0"
"808","51","服饰","9900","25/1/2021","25/1/2021 08:37:59","0"
"809","27","秋衣秋裤","7800","25/1/2021","25/1/2021 08:38:17","0"
"810","52","矿泉水","300","25/1/2021","25/1/2021 08:38:31","0"
"811","30","工作餐","1500","25/1/2021","25/1/2021 12:03:47","0"
"812","22","公交","1400","25/1/2021","25/1/2021 21:42:53","0"
"813","30","工作餐","2400","25/1/2021","25/1/2021 21:42:44","0"
"814","22","公交","700","26/1/2021","26/1/2021 09:38:33","0"
"815","30","工作餐","1200","26/1/2021","26/1/2021 18:25:06","0"
"816","30","工作餐","1200","26/1/2021","26/1/2021 18:25:11","0"
"817","54","猪肝青椒粉条","1684","26/1/2021","27/1/2021 00:23:18","0"
"818","56","🍓","1100","26/1/2021","27/1/2021 00:22:35","0"
"819","35","海绵🧽","350","26/1/2021","27/1/2021 00:23:00","0"
"820","26","滑板车🛴","16900","27/1/2021","27/1/2021 00:26:50","0"
"821","30","工作餐","1500","27/1/2021","27/1/2021 12:00:32","0"
"822","22","公交","900","27/1/2021","27/1/2021 15:01:52","0"
"823","25","📖","1200","27/1/2021","27/1/2021 13:22:31","0"
"824","35","护垫","1110","27/1/2021","27/1/2021 13:22:46","0"
"825","56","火龙果","500","27/1/2021","27/1/2021 13:23:01","0"
"826","35","方巾","1590","27/1/2021","27/1/2021 13:23:17","0"
"827","54","明虾花蛤萝卜🥔🥦","3512","27/1/2021","27/1/2021 13:24:14","0"
"828","30","工作餐","1886","27/1/2021","27/1/2021 21:45:02","0"
"829","39","口罩","1600","27/1/2021","27/1/2021 21:45:17","0"
"830","26","音乐玩具车","3910","27/1/2021","27/1/2021 21:46:27","0"
"831","22","公交","700","27/1/2021","27/1/2021 21:46:49","0"
"832","58","奶瓶的吸管","2330","28/1/2021","28/1/2021 10:39:45","0"
"833","22","公交","700","28/1/2021","28/1/2021 12:27:20","0"
"834","30","工作餐","1400","28/1/2021","28/1/2021 12:27:38","0"
"835","54","排骨猪肝🥚凤尾🍄洋葱青菜","7206","28/1/2021","28/1/2021 15:49:48","0"
"836","53","馒头","600","28/1/2021","28/1/2021 15:50:35","0"
"837","30","工作餐","1638","28/1/2021","28/1/2021 19:04:40","0"
"838","22","公交","700","28/1/2021","28/1/2021 19:04:45","0"
"839","52","面包🍞","2320","28/1/2021","28/1/2021 19:34:31","0"
"840","52","零食饮料","740","24/1/2021","29/1/2021 21:33:09","0"
"841","52","王老吉","990","24/1/2021","29/1/2021 21:33:31","0"
"842","36","可可烟","1500","24/1/2021","29/1/2021 21:33:44","0"
"843","36","可可烟","900","24/1/2021","29/1/2021 21:33:52","0"
"844","14","可可话费","5000","29/1/2021","29/1/2021 21:39:03","0"
"845","30","工作餐","1200","29/1/2021","29/1/2021 21:39:20","0"
"846","30","工作餐","1600","29/1/2021","29/1/2021 21:39:43","0"
"847","22","公交","1400","29/1/2021","29/1/2021 21:39:51","0"
"848","36","可可烟","1500","29/1/2021","29/1/2021 21:41:08","0"
"849","36","可可烟","1900","29/1/2021","29/1/2021 21:41:16","0"
"850","54","荷兰豆🥒🌽🎃🥔🧅白萝卜","2642","30/1/2021","30/1/2021 11:23:35","0"
"851","54","花菜🥕海带🐟豆芽","3540","29/1/2021","30/1/2021 11:24:27","0"
"852","35","洗发水沐浴露","7000","29/1/2021","30/1/2021 11:26:04","0"
"853","53","面包","800","29/1/2021","30/1/2021 11:27:06","0"
"854","54","大桶水","1600","29/1/2021","30/1/2021 11:27:01","0"
"855","30","工作餐","1080","30/1/2021","30/1/2021 11:56:06","0"
"856","30","工作餐","2500","30/1/2021","30/1/2021 20:09:01","0"
"857","22","公交","700","30/1/2021","30/1/2021 20:09:07","0"
"858","30","工作餐","1890","31/1/2021","1/2/2021 00:47:30","0"
"859","22","公交","100","1/1/2021","1/2/2021 00:06:34","0"
"861","22","公交","700","31/1/2021","1/2/2021 00:47:21","0"
"862","30","工作餐","1189","31/1/2021","1/2/2021 00:48:48","0"
"863","22","公交","700","1/2/2021","1/2/2021 00:50:38","0"
"864","22","公交","700","1/2/2021","1/2/2021 00:50:48","0"
"865","22","公交","100","1/1/2021","1/2/2021 21:44:15","0"
"866","54","冬瓜🥕豆腐🥚面条","2362","1/2/2021","1/2/2021 21:44:47","0"
"867","30","工作餐","1500","1/2/2021","1/2/2021 21:46:04","0"
"868","22","公交","1400","2/2/2021","2/2/2021 20:52:46","0"
"869","30","工作餐","1200","2/2/2021","2/2/2021 20:52:50","0"
"870","30","工作餐","1780","2/2/2021","2/2/2021 20:53:01","0"
"871","52","零食饮料","300","2/2/2021","2/2/2021 22:37:56","0"
"872","36","可可烟","900","2/2/2021","2/2/2021 22:38:00","0"
"873","36","可可烟","1900","2/2/2021","2/2/2021 22:38:05","0"
"874","54","🥦豆泡豆压榨菜","1350","2/2/2021","2/2/2021 23:21:52","0"
"875","12","宝宝新年礼物🎁","7888","2/2/2021","2/2/2021 23:22:13","0"
"876","35","三箱抽纸","9400","2/2/2021","2/2/2021 23:35:48","0"
"877","56","酸奶","1580","2/2/2021","2/2/2021 23:48:12","0"
"878","56","🥝","358","2/2/2021","2/2/2021 23:48:28","0"
"879","23","新年贴画","12270","3/2/2021","5/2/2021 05:03:59","0"
"880","26","摔炮","400","3/2/2021","3/2/2021 23:22:33","0"
"881","54","🧅香菇海带🐟","2252","3/2/2021","3/2/2021 23:23:24","0"
"882","22","公交","700","3/2/2021","3/2/2021 23:24:49","0"
"883","30","工作餐","1400","3/2/2021","3/2/2021 23:24:56","0"
"884","30","工作餐","1900","3/2/2021","3/2/2021 23:25:14","0"
"885","22","公交","1400","4/2/2021","4/2/2021 20:55:39","0"
"886","30","工作餐","1200","4/2/2021","4/2/2021 19:54:23","0"
"887","30","工作餐","2323","4/2/2021","4/2/2021 20:55:29","0"
"888","54","鸭肉花菜黄瓜四季豆","3849","4/2/2021","5/2/2021 05:03:25","0"
"889","35","酒精","850","4/2/2021","5/2/2021 05:03:37","0"
"890","23","小米电视会员","900","5/2/2021","7/2/2021 15:21:19","0"
"891","13","亚鹭生日","2480","5/2/2021","7/2/2021 15:22:27","0"
"892","49","捐赠","1800","5/2/2021","7/2/2021 15:22:45","0"
"893","49","捐赠","2000","5/2/2021","7/2/2021 15:23:21","0"
"894","33","下馆子","1200","5/2/2021","7/2/2021 15:23:35","0"
"895","21","长途","2000","6/2/2021","7/2/2021 15:24:41","0"
"896","36","可可烟","1900","6/2/2021","7/2/2021 15:24:35","0"
"897","21","长途","800","6/2/2021","7/2/2021 15:26:08","0"
"898","52","矿泉水","150","6/2/2021","7/2/2021 15:25:08","0"
"899","27","过年鞋子衣服袜子","17850","6/2/2021","7/2/2021 15:26:50","0"
"900","56","水果","2000","6/2/2021","7/2/2021 15:25:57","0"
"901","26","摔炮","100","6/2/2021","7/2/2021 15:26:21","0"
"902","27","鞋","2500","7/2/2021","7/2/2021 15:26:56","0"
"903","34","凉皮","600","7/2/2021","7/2/2021 15:27:27","0"
"904","51","毛衣外套","5000","6/2/2021","7/2/2021 15:28:06","0"
"905","56","橘子40斤","8000","7/2/2021","7/2/2021 15:27:41","0"
"906","27","发卡皮筋","2280","6/2/2021","7/2/2021 15:28:18","0"
"907","54","菜肉蛋","1350","7/2/2021","7/2/2021 15:28:08","0"
"908","12","红菇","75000","7/2/2021","7/2/2021 15:28:27","0"
"909","13","送年外婆+大奶奶","40000","7/2/2021","7/2/2021 15:30:52","0"
"910","15","布布话费","5000","8/2/2021","8/2/2021 11:43:16","0"
"911","12","快递费","3500","8/2/2021","8/2/2021 11:49:57","0"
"912","54","🐟青椒豆腐海带洋葱🥬","4355","9/2/2021","10/2/2021 10:13:02","0"
"913","54","海带香菇荷兰豆瘦肉","2627","10/2/2021","11/2/2021 22:35:45","0"
"914","22","公交","100","11/2/2021","11/2/2021 22:36:06","0"
"915","27","发卡","1000","11/2/2021","11/2/2021 22:37:15","0"
"916","48","润唇膏","3590","11/2/2021","11/2/2021 22:37:31","0"
"917","39","口罩","300","10/2/2021","11/2/2021 22:38:45","0"
"918","36","红狼","1500","10/2/2021","11/2/2021 22:39:17","0"
"919","51","内裤3","5800","11/2/2021","11/2/2021 22:39:40","0"
"920","20","打车","700","11/2/2021","11/2/2021 22:39:46","0"
"921","56","牛奶","7000","11/2/2021","12/2/2021 01:42:40","0"
"922","54","水饺皮","2440","11/2/2021","12/2/2021 01:43:23","0"
"923","21","长途","2000","8/2/2021","12/2/2021 01:44:38","0"
"924","17","工作话费","5000","12/2/2021","14/2/2021 17:15:32","0"
"925","22","公交","100","12/2/2021","14/2/2021 17:15:27","0"
"926","52","麦旋风","1850","12/2/2021","14/2/2021 17:16:10","0"
"927","26","捞鱼🐟","1500","12/2/2021","14/2/2021 17:16:41","0"
"928","22","公交","300","12/2/2021","14/2/2021 17:17:10","0"
"929","21","长途","3000","15/2/2021","15/2/2021 09:39:08","0"
"930","21","长途","2400","15/2/2021","15/2/2021 16:38:09","0"
"931","56","水果牛奶","3200","17/2/2021","17/2/2021 12:10:38","0"
"932","57","3包","26000","17/2/2021","17/2/2021 12:11:04","0"
"933","21","三明到厦门北站","22900","19/2/2021","19/2/2021 09:06:57","0"
"934","35","sd卡USB","990","18/2/2021","19/2/2021 09:08:16","0"
"935","21","三明黑车","4500","18/2/2021","19/2/2021 09:08:09","0"
"936","36","可可烟","1900","17/2/2021","19/2/2021 09:08:42","0"
"937","36","可可烟","1900","19/2/2021","19/2/2021 20:37:13","0"
"938","22","公交","500","19/2/2021","20/2/2021 22:40:16","0"
"939","33","下馆子","23200","19/2/2021","19/2/2021 20:37:41","0"
"940","54","大桶水","2000","18/2/2021","19/2/2021 23:14:19","0"
"941","20","打车","760","19/2/2021","19/2/2021 23:14:30","0"
"942","45","你好，李焕英","11980","20/2/2021","20/2/2021 18:01:45","0"
"943","52","爆米花🍿️","4000","20/2/2021","20/2/2021 22:35:36","0"
"944","12","雅斯兰黛","90000","14/2/2021","20/2/2021 22:36:39","0"
"945","54","鸡蛋豆子花菜面条","3414","19/2/2021","20/2/2021 22:39:58","0"
"946","54","青椒鸡蛋海带🐟","2788","20/2/2021","20/2/2021 22:40:43","0"
"947","22","公交","500","20/2/2021","20/2/2021 22:40:49","0"
"948","20","厦门北站到祥发百货","3950","21/2/2021","21/2/2021 23:45:32","0"
"949","36","可可烟","1500","21/2/2021","21/2/2021 23:41:24","0"
"950","36","可可烟","800","21/2/2021","21/2/2021 23:41:32","0"
"951","52","冰糖雪梨","500","21/2/2021","21/2/2021 23:43:13","0"
"952","34","牛肉面","5327","21/2/2021","21/2/2021 23:43:51","0"
"953","20","碧桂园到三明站","2814","21/2/2021","21/2/2021 23:45:17","0"
"954","54","馄炖🥔🥕🥒生姜🧄瘦肉","6690","22/2/2021","22/2/2021 23:10:38","0"
"955","56","枇杷芒果","2500","22/2/2021","22/2/2021 23:10:48","0"
"956","35","盐鸡精","500","22/2/2021","22/2/2021 23:10:59","0"
"957","54","🐟大桶水","1388","22/2/2021","22/2/2021 23:11:41","0"
"958","35","食用油","2000","22/2/2021","22/2/2021 23:11:54","0"
"959","53","面包","941","22/2/2021","22/2/2021 23:12:44","0"
"960","56","酸奶","780","22/2/2021","22/2/2021 23:12:52","0"
"961","54","豆子花菜","1200","23/2/2021","25/2/2021 10:52:04","0"
"962","56","苹果🍐","1280","23/2/2021","25/2/2021 10:52:11","0"
"963","53","馒头包子","4250","23/2/2021","25/2/2021 10:51:55","0"
"964","52","银耳汤","300","23/2/2021","25/2/2021 10:51:46","0"
"965","22","公交","600","24/2/2021","25/2/2021 10:52:32","0"
"966","13","昂周岁🧧","20000","24/2/2021","25/2/2021 10:52:52","0"
"967","54","花生红豆排骨青菜土豆青椒海带","7600","25/2/2021","25/2/2021 10:53:30","0"
"968","56","安佳牛奶","15840","27/2/2021","27/2/2021 16:44:56","0"
"969","38","999","6150","25/2/2021","27/2/2021 16:46:02","0"
"970","30","工作餐","1500","22/2/2021","27/2/2021 16:47:18","0"
"971","30","工作餐","1190","22/2/2021","27/2/2021 16:47:28","0"
"972","30","工作餐","1200","23/2/2021","27/2/2021 16:48:28","0"
"973","30","工作餐","1450","24/2/2021","27/2/2021 16:48:48","0"
"974","30","工作餐","1000","24/2/2021","27/2/2021 16:48:56","0"
"975","30","工作餐","1810","25/2/2021","27/2/2021 16:49:20","0"
"976","30","工作餐","1490","26/2/2021","27/2/2021 16:49:40","0"
"977","22","公交","1400","22/2/2021","27/2/2021 16:50:04","0"
"978","22","公交","1400","23/2/2021","27/2/2021 16:50:12","0"
"979","22","公交","1400","24/2/2021","27/2/2021 16:50:20","0"
"980","22","公交","1400","25/2/2021","27/2/2021 16:50:29","0"
"981","22","公交","1400","26/2/2021","27/2/2021 16:50:49","0"
"982","54","萝卜香菇紫薯","3480","26/2/2021","27/2/2021 18:00:42","0"
"983","35","保鲜袋","500","26/2/2021","27/2/2021 18:00:36","0"
"984","54","金鲳鱼","2450","26/2/2021","27/2/2021 18:01:14","0"
"985","35","蚊香液","5690","26/2/2021","27/2/2021 18:01:29","0"
"986","52","冰糖雪梨","200","26/2/2021","27/2/2021 18:02:24","0"
"987","36","可可烟","2000","26/2/2021","27/2/2021 18:02:18","0"
"988","54","白菜蛤蜊🥦🥕火腿肠","3580","27/2/2021","27/2/2021 18:03:34","0"
"989","56","水果牛奶","780","27/2/2021","28/2/2021 09:26:50","0"
"990","35","洗洁精","799","27/2/2021","28/2/2021 09:26:46","0"
"991","53","手抓饼","990","27/2/2021","28/2/2021 09:26:41","0"
"992","54","🐟秋葵","2079","28/2/2021","28/2/2021 10:52:15","0"
"993","56","🍇","1980","28/2/2021","28/2/2021 10:52:42","0"
"994","54","包菜肉笋豆腐🧄","2570","28/2/2021","28/2/2021 10:53:40","0"
"995","33","KFC","10800","28/2/2021","28/2/2021 21:40:28","0"
"996","36","红狼","1500","28/2/2021","28/2/2021 21:58:45","0"
"998","39","口罩10只","1200","28/2/2021","28/2/2021 21:58:35","0"
"999","53","大米","5490","1/3/2021","1/3/2021 10:58:29","0"
"1000","54","鸭肉南瓜🥔绿豆青椒黄瓜小葱大白菜","5490","1/3/2021","2/3/2021 10:44:55","0"
"1001","22","公交","1400","1/3/2021","2/3/2021 08:31:41","0"
"1002","30","工作餐","1600","1/3/2021","2/3/2021 08:31:52","0"
"1003","39","tt","3500","28/2/2021","2/3/2021 08:33:10","0"
"1004","53","拌面","990","31/3/2021","1/4/2021 23:41:43","0"
"1005","54","大桶水","1400","31/3/2021","1/4/2021 23:42:37","0"
"1006","54","🌽🥕豆子","990","2/3/2021","2/3/2021 10:45:54","0"
"1007","52","冰糖雪梨","400","2/3/2021","2/3/2021 23:39:08","0"
"1008","54","莲子","2600","2/3/2021","2/3/2021 23:43:47","0"
"1009","48","洗面奶2支","28500","2/3/2021","2/3/2021 23:44:17","0"
"1010","30","工作餐","1630","2/3/2021","3/3/2021 08:32:41","0"
"1011","22","公交","1400","2/3/2021","3/3/2021 08:32:52","0"
"1012","22","公交","1400","3/3/2021","3/3/2021 08:33:05","0"
"1013","54","猪肉生姜","4200","3/3/2021","5/3/2021 13:18:13","0"
"1014","56","🍌枇杷金桔","1410","3/3/2021","3/3/2021 10:08:51","0"
"1015","53","华夫饼","280","3/3/2021","3/3/2021 10:09:46","0"
"1016","27","打底裤","2200","3/3/2021","3/3/2021 11:25:25","0"
"1017","30","工作餐","1300","3/3/2021","3/3/2021 18:29:52","0"
"1018","30","工作餐","1400","4/3/2021","4/3/2021 12:07:08","0"
"1019","22","公交","1400","4/3/2021","4/3/2021 12:07:12","0"
"1020","54","香菇花菜白糖地瓜叶","2690","4/3/2021","5/3/2021 13:18:57","0"
"1021","56","酸奶","1560","5/3/2021","5/3/2021 13:19:25","0"
"1022","53","面包","590","5/3/2021","5/3/2021 13:19:48","0"
"1023","54","🥔🥒🍅","880","5/3/2021","5/3/2021 13:20:32","0"
"1024","15","布布话费","5000","7/3/2021","9/3/2021 00:36:21","0"
"1025","30","工作餐","1500","5/3/2021","5/3/2021 21:42:55","0"
"1026","22","公交","1400","5/3/2021","5/3/2021 21:42:59","0"
"1027","21","厦门到建设大巴","20600","5/3/2021","5/3/2021 21:43:20","0"
"1028","21","建设到厦门大巴（退票）","2200","5/3/2021","8/3/2021 09:21:58","0"
"1029","13","老妈生日买菜","50000","7/3/2021","8/3/2021 09:22:34","0"
"1030","22","公交","1400","8/3/2021","8/3/2021 12:10:17","0"
"1031","30","工作餐","1630","8/3/2021","8/3/2021 12:10:26","0"
"1032","35","牙刷","2490","8/3/2021","8/3/2021 19:39:19","0"
"1033","54","白菜🥕🥒🥔","1300","8/3/2021","9/3/2021 00:37:24","0"
"1034","56","枇杷","800","8/3/2021","9/3/2021 00:37:17","0"
"1035","52","火腿肠","500","8/3/2021","9/3/2021 00:37:42","0"
"1036","54","榨菜","1080","8/3/2021","9/3/2021 00:37:57","0"
"1037","56","西梅","1520","9/3/2021","9/3/2021 10:27:25","0"
"1038","54","🌽萝卜豆腐青椒🥬","1190","9/3/2021","9/3/2021 10:27:53","0"
"1039","17","老妈话费","5000","7/3/2021","9/3/2021 10:28:17","0"
"1040","30","工作餐","1589","10/3/2021","10/3/2021 12:09:22","0"
"1041","22","公交","1400","10/3/2021","10/3/2021 12:09:26","0"
"1042","22","公交","1400","9/3/2021","10/3/2021 12:09:56","0"
"1043","30","工作餐","1450","9/3/2021","10/3/2021 12:10:09","0"
"1044","36","黄鹤楼","1900","9/3/2021","10/3/2021 12:10:45","0"
"1045","36","蓝狼","900","9/3/2021","10/3/2021 12:11:01","0"
"1046","26","滑板车🛴","6800","10/3/2021","10/3/2021 19:50:41","0"
"1047","54","大桶水","1440","10/3/2021","10/3/2021 19:51:43","0"
"1048","53","🍞","600","10/3/2021","10/3/2021 19:51:54","0"
"1049","54","肉地瓜叶南瓜芹菜葱","4100","10/3/2021","10/3/2021 19:53:10","0"
"1050","35","洗发水沐浴露","6600","10/3/2021","10/3/2021 19:53:46","0"
"1051","56","🥭","730","11/3/2021","11/3/2021 10:40:03","0"
"1052","54","🥬🥦🍅苦瓜🥕","1200","11/3/2021","11/3/2021 10:41:10","0"
"1053","30","工作餐","1440","11/3/2021","11/3/2021 12:10:29","0"
"1054","22","公交","700","11/3/2021","12/3/2021 08:38:18","0"
"1055","54","🐟🥚","3270","11/3/2021","11/3/2021 17:18:35","0"
"1056","55","盐","200","11/3/2021","11/3/2021 17:19:22","0"
"1057","22","公交","1400","12/3/2021","12/3/2021 08:38:11","0"
"1058","56","🍊🍌","760","12/3/2021","12/3/2021 11:07:22","0"
"1059","54","排骨🍠🥔香菇","2670","12/3/2021","12/3/2021 11:07:54","0"
"1060","52","风车糖果","300","12/3/2021","12/3/2021 11:08:05","0"
"1061","53","拌面","990","12/3/2021","12/3/2021 11:08:38","0"
"1062","55","食用油","5580","12/3/2021","12/3/2021 11:08:51","0"
"1063","22","公交","1400","13/3/2021","13/3/2021 12:12:24","0"
"1064","56","甘蔗","473","13/3/2021","14/3/2021 23:25:25","0"
"1065","35","洗衣粉","1990","13/3/2021","14/3/2021 23:25:56","0"
"1066","54","翅中","3780","13/3/2021","14/3/2021 23:26:31","0"
"1067","20","打车","4000","14/3/2021","14/3/2021 23:26:45","0"
"1068","22","公交","700","14/3/2021","14/3/2021 23:27:00","0"
"1069","30","工作餐","1440","13/3/2021","15/3/2021 09:11:26","0"
"1070","36","蓝狼","900","13/3/2021","15/3/2021 09:12:40","0"
"1071","36","黄鹤楼","1900","13/3/2021","15/3/2021 09:13:15","0"
"1072","52","可乐","300","13/3/2021","15/3/2021 09:13:40","0"
"1073","12","昂生日小蛋糕","1800","14/3/2021","15/3/2021 09:14:41","0"
"1074","22","公交","200","14/3/2021","15/3/2021 09:15:14","0"
"1075","25","新华书店2本书","4000","14/3/2021","15/3/2021 09:15:39","0"
"1076","22","公交","1400","15/3/2021","15/3/2021 09:15:46","0"
"1077","56","🥝","1000","15/3/2021","16/3/2021 08:03:34","0"
"1078","55","地瓜粉","500","15/3/2021","16/3/2021 08:03:20","0"
"1079","56","养乐多","1000","15/3/2021","16/3/2021 08:03:16","0"
"1080","54","🧅腐竹","730","15/3/2021","16/3/2021 08:03:43","0"
"1081","26","三轮车","9900","16/3/2021","16/3/2021 08:04:05","0"
"1082","24","四罐奶粉","57900","16/3/2021","16/3/2021 08:04:33","0"
"1083","22","公交","1400","16/3/2021","16/3/2021 14:45:53","0"
"1084","30","工作餐","1489","16/3/2021","16/3/2021 14:46:05","0"
"1085","54","秋葵","299","16/3/2021","17/3/2021 22:24:57","0"
"1086","53","🍞","599","16/3/2021","17/3/2021 22:24:53","0"
"1087","35","小面包","2170","16/3/2021","17/3/2021 22:24:49","0"
"1088","26","泡泡机","1000","16/3/2021","17/3/2021 22:24:45","0"
"1089","54","🥔🥒🥬🐟🥚","3580","17/3/2021","17/3/2021 22:27:07","0"
"1090","56","🍊","760","17/3/2021","17/3/2021 22:26:20","0"
"1091","26","乒乓球","900","17/3/2021","17/3/2021 22:26:51","0"
"1092","27","裤子袜子","5200","17/3/2021","17/3/2021 22:32:40","0"
"1093","30","工作餐","1270","15/3/2021","18/3/2021 11:48:36","0"
"1094","52","王老吉","1200","15/3/2021","18/3/2021 11:49:20","0"
"1095","22","公交","1400","17/3/2021","18/3/2021 11:49:30","0"
"1096","30","工作餐","1580","17/3/2021","18/3/2021 11:50:05","0"
"1097","22","公交","1400","18/3/2021","18/3/2021 11:50:16","0"
"1098","30","工作餐","1500","18/3/2021","18/3/2021 11:50:20","0"
"1099","36","黄鹤楼","1900","17/3/2021","18/3/2021 11:50:40","0"
"1100","36","蓝狼","900","17/3/2021","18/3/2021 11:50:54","0"
"1101","56","酸奶","780","18/3/2021","19/3/2021 23:59:55","0"
"1102","55","料酒","400","18/3/2021","19/3/2021 23:59:51","0"
"1103","53","绿豆饼","780","18/3/2021","19/3/2021 23:59:46","0"
"1104","54","🐟甜豆豆腐🥒","3460","18/3/2021","20/3/2021 00:01:57","0"
"1105","52","冰糖雪梨","300","19/3/2021","20/3/2021 00:03:56","0"
"1106","54","葱","120","19/3/2021","20/3/2021 00:03:52","0"
"1107","58","牙刷刷头","3900","19/3/2021","20/3/2021 00:03:48","0"
"1108","35","电池","1700","18/3/2021","20/3/2021 00:03:32","0"
"1109","35","小面包","2190","18/3/2021","20/3/2021 00:03:22","0"
"1110","56","🍍","800","19/3/2021","20/3/2021 00:03:43","0"
"1111","54","三层肉花蛤🥦南瓜🌽","3590","19/3/2021","20/3/2021 00:03:39","0"
"1112","34","烧烤","4000","18/3/2021","20/3/2021 08:14:52","0"
"1113","30","工作餐","1450","19/3/2021","20/3/2021 08:15:18","0"
"1114","22","公交","1400","19/3/2021","20/3/2021 08:15:25","0"
"1115","22","公交","1400","20/3/2021","20/3/2021 08:15:34","0"
"1116","51","影探卫衣*2","12800","20/3/2021","20/3/2021 08:49:49","0"
"1117","53","🍞","620","20/3/2021","20/3/2021 11:24:52","0"
"1118","54","🦐鸡肉豆干🥕菠菜四季豆","5550","20/3/2021","20/3/2021 11:26:25","0"
"1119","58","生日气球🎈","9300","21/3/2021","21/3/2021 08:42:24","0"
"1120","58","宝宝2周岁拍照","218800","21/3/2021","21/3/2021 13:50:55","0"
"1121","54","🧄🍠秋葵","1030","21/3/2021","21/3/2021 17:07:23","0"
"1123","23","💳年费😔😔😔","30000","21/3/2021","21/3/2021 13:52:26","0"
"1124","56","枇杷","880","21/3/2021","21/3/2021 17:07:01","0"
"1125","56","酸奶","780","21/3/2021","21/3/2021 17:07:13","0"
"1126","56","🍌","720","22/3/2021","22/3/2021 10:02:34","0"
"1127","54","馄炖香菇🍅🥦🥒","3410","22/3/2021","23/3/2021 08:33:13","0"
"1128","35","垃圾袋牙签","800","22/3/2021","23/3/2021 08:33:09","0"
"1129","36","可可烟","1200","20/3/2021","23/3/2021 11:45:19","0"
"1130","36","可可烟","900","23/3/2021","23/3/2021 11:45:26","0"
"1131","22","公交","1400","22/3/2021","23/3/2021 11:45:39","0"
"1132","30","工作餐","1600","22/3/2021","23/3/2021 11:45:58","0"
"1133","30","工作餐","1600","23/3/2021","23/3/2021 11:46:07","0"
"1134","22","公交","1400","23/3/2021","23/3/2021 11:46:12","0"
"1135","24","安佳2箱","17600","23/3/2021","23/3/2021 21:42:24","0"
"1136","58","奶瓶🍼的吸管","2300","23/3/2021","23/3/2021 21:42:47","0"
"1137","15","布布话费","5000","24/3/2021","24/3/2021 10:25:07","0"
"1138","30","工作餐","1350","24/3/2021","24/3/2021 11:52:09","0"
"1139","22","公交","1400","24/3/2021","24/3/2021 11:52:16","0"
"1140","14","可可话费","4900","24/3/2021","24/3/2021 11:55:09","0"
"1141","54","鸡蛋糖","1110","23/3/2021","24/3/2021 22:25:49","0"
"1142","54","豆泡🌽南瓜","1350","24/3/2021","24/3/2021 22:27:01","0"
"1143","56","🥭","700","24/3/2021","24/3/2021 22:27:09","0"
"1144","26","生日礼物-雨衣雨鞋","5122","24/3/2021","24/3/2021 22:27:44","0"
"1145","53","肉包馒头","3450","23/3/2021","24/3/2021 22:28:21","0"
"1146","54","海带茼蒿青豆豆芽面条","2150","23/3/2021","24/3/2021 22:29:19","0"
"1147","56","甘蔗","1300","23/3/2021","24/3/2021 22:29:35","0"
"1148","54","大桶水","1300","23/3/2021","24/3/2021 22:30:20","0"
"1149","53","拌面","850","23/3/2021","24/3/2021 22:30:33","0"
"1150","54","🥔🐟豆浆","2100","24/3/2021","24/3/2021 22:31:15","0"
"1151","22","公交","1400","25/3/2021","25/3/2021 11:40:07","0"
"1152","30","工作餐","1800","25/3/2021","25/3/2021 11:40:13","0"
"1153","36","可可烟","1900","24/3/2021","25/3/2021 11:40:28","0"
"1154","36","可可烟","900","24/3/2021","25/3/2021 11:40:38","0"
"1155","52","零食饮料","300","24/3/2021","25/3/2021 11:40:45","0"
"1156","54","🥒🍆豆腐花蛤","770","25/3/2021","26/3/2021 10:18:40","0"
"1157","53","面包","530","25/3/2021","26/3/2021 10:18:54","0"
"1158","54","秋葵甜豆🍅🍠青椒🐟","3010","26/3/2021","27/3/2021 11:07:06","0"
"1159","53","面包","770","26/3/2021","27/3/2021 11:07:21","0"
"1160","54","萝卜🧄长豆香菇大白菜","2060","27/3/2021","27/3/2021 11:08:33","0"
"1161","53","面条","200","27/3/2021","27/3/2021 11:08:39","0"
"1162","56","酸奶奶酪棒","2760","27/3/2021","27/3/2021 11:09:21","0"
"1163","30","工作餐","1280","27/3/2021","27/3/2021 13:06:43","0"
"1164","30","工作餐","1380","26/3/2021","27/3/2021 13:06:50","0"
"1165","22","公交","1400","26/3/2021","27/3/2021 13:06:59","0"
"1166","22","公交","900","27/3/2021","27/3/2021 13:07:08","0"
"1167","39","口罩","3200","27/3/2021","27/3/2021 14:17:27","0"
"1168","23","证件照app","300","27/3/2021","29/3/2021 08:36:43","0"
"1169","32","韩宫宴烤肉","22900","28/3/2021","29/3/2021 08:37:32","0"
"1170","54","鸡蛋🥚","1100","28/3/2021","29/3/2021 08:37:53","0"
"1171","52","零食饮料","300","28/3/2021","29/3/2021 08:38:02","0"
"1172","22","公交","1400","29/3/2021","29/3/2021 08:38:15","0"
"1173","48","躺倒鸭面膜","29900","28/3/2021","29/3/2021 08:40:37","0"
"1174","20","摩的","1000","21/3/2021","29/3/2021 08:42:23","0"
"1175","27","服饰","14900","29/3/2021","29/3/2021 09:48:48","0"
"1176","30","工作餐","1890","29/3/2021","29/3/2021 11:37:17","0"
"1177","30","工作餐","1820","30/3/2021","30/3/2021 11:31:45","0"
"1178","27","🧦","2280","30/3/2021","30/3/2021 22:06:10","0"
"1179","35","防蚊喷雾","1880","30/3/2021","30/3/2021 22:06:34","0"
"1180","35","牙膏","1330","30/3/2021","30/3/2021 22:07:18","0"
"1181","54","豆浆带鱼鸡胸脯海带南瓜豆腐🥒🥕生姜","3940","30/3/2021","30/3/2021 22:09:38","0"
"1182","53","馄炖","2000","30/3/2021","30/3/2021 22:08:52","0"
"1183","56","🍑🍇","2000","29/3/2021","30/3/2021 22:10:37","0"
"1184","54","蒜苔三层肉木耳腐竹","2880","29/3/2021","30/3/2021 22:11:41","0"
"1185","35","碗🥣","700","29/3/2021","30/3/2021 22:12:02","0"
"1186","52","冰糖雪梨","450","29/3/2021","30/3/2021 22:12:34","0"
"1187","22","公交","1400","30/3/2021","30/3/2021 23:25:32","0"
"1188","30","工作餐","1248","31/3/2021","31/3/2021 20:08:13","0"
"1189","22","公交","1400","31/3/2021","31/3/2021 20:08:18","0"
"1190","12","哈根达斯冰淇淋生日蛋糕🎂","31700","1/4/2021","1/4/2021 01:11:45","0"
"1191","52","山楂棒棒糖🍭","200","1/3/2021","1/4/2021 23:40:43","0"
"1192","35","🥢","400","31/3/2021","1/4/2021 23:42:23","0"
"1193","54","🧄","170","31/3/2021","1/4/2021 23:42:32","0"
"1194","54","大桶水","1380","1/4/2021","1/4/2021 23:43:25","0"
"1195","56","酸奶养乐多","1950","1/4/2021","1/4/2021 23:43:47","0"
"1196","54","蒜苔🐟豆芽🥬🧄芹菜","5640","1/4/2021","1/4/2021 23:45:00","0"
"1197","54","🦀️","7700","1/4/2021","1/4/2021 23:45:08","0"
"1198","53","油面","400","1/4/2021","1/4/2021 23:45:28","0"
"1199","58","生日帽","900","1/4/2021","1/4/2021 23:45:47","0"
"1200","56","🍉🍊","4480","1/4/2021","1/4/2021 23:46:12","0"
"1201","54","菜肉蛋","2990","1/3/2021","1/4/2021 23:46:30","0"
"1202","55","盐","200","1/4/2021","1/4/2021 23:47:06","0"
"1203","22","公交","1300","1/4/2021","2/4/2021 00:20:10","0"
"1204","55","盐","200","1/4/2021","2/4/2021 00:20:29","0"
"1205","20","打车","1025","1/4/2021","2/4/2021 00:20:43","0"
"1206","22","公交","1400","2/4/2021","2/4/2021 11:13:31","0"
"1207","54","🥔花蛤豆腐🥒🍆","1580","2/4/2021","3/4/2021 12:36:57","0"
"1208","22","公交","100","3/4/2021","3/4/2021 12:37:26","0"
"1209","51","短袖背心","14800","3/4/2021","3/4/2021 12:37:40","0"
"1210","51","内衣","19900","3/4/2021","3/4/2021 12:37:51","0"
"1211","51","帽子","12900","3/4/2021","3/4/2021 12:38:09","0"
"1212","33","麦当劳🍔","6150","3/4/2021","3/4/2021 12:39:16","0"
"1213","26","捞鱼🐟","2500","3/4/2021","3/4/2021 12:39:05","0"
"1214","20","打车","1400","3/4/2021","3/4/2021 16:06:43","0"
"1215","26","海洋球","3000","3/4/2021","3/4/2021 16:06:55","0"
"1216","57","纸尿裤","9600","4/4/2021","4/4/2021 19:17:25","0"
"1217","58","防晒霜🧴","5500","4/4/2021","4/4/2021 19:18:17","0"
"1218","48","防晒霜🧴","14800","4/4/2021","4/4/2021 19:18:39","0"
"1219","34","重庆小面","2900","4/4/2021","4/4/2021 21:21:26","0"
"1220","56","香蕉🍌","220","4/4/2021","4/4/2021 21:22:53","0"
"1221","36","可可烟","900","4/4/2021","4/4/2021 21:23:08","0"
"1222","36","打火机","100","4/4/2021","4/4/2021 21:23:19","0"
"1223","35","湿纸巾","450","5/4/2021","6/4/2021 07:49:38","0"
"1225","56","酸奶","1000","5/4/2021","6/4/2021 07:49:34","0"
"1226","48","理发","1800","5/4/2021","6/4/2021 07:49:31","0"
"1227","22","公交","200","5/4/2021","6/4/2021 07:49:27","0"
"1228","52","吹饼椰丝球","2400","5/4/2021","6/4/2021 07:49:22","0"
"1229","36","可可烟","1900","5/4/2021","6/4/2021 07:49:18","0"
"1230","53","大米","5390","6/4/2021","6/4/2021 07:49:10","0"
"1231","30","工作餐","1299","6/4/2021","6/4/2021 11:02:47","0"
"1232","22","公交","1400","6/4/2021","6/4/2021 11:02:53","0"
"1234","34","豪享来牛排","6720","5/4/2021","6/4/2021 11:04:11","0"
"1235","22","公交","1000","5/4/2021","6/4/2021 11:04:54","0"
"1236","33","中午汤三罐","11300","5/4/2021","6/4/2021 11:06:40","0"
"1237","20","海边","3000","4/4/2021","6/4/2021 11:10:29","0"
"1238","20","海边","2263","4/4/2021","6/4/2021 11:10:57","0"
"1239","20","万达","1376","3/4/2021","6/4/2021 11:11:49","0"
"1240","56","🍑🍌","1650","6/4/2021","6/4/2021 16:21:22","0"
"1241","54","瘦肉🥔🥕花菜饺子皮🌽🍠","5150","6/4/2021","6/4/2021 16:22:57","0"
"1242","53","面条","380","6/4/2021","6/4/2021 16:23:03","0"
"1243","30","工作餐","1570","7/4/2021","7/4/2021 11:38:47","0"
"1244","22","公交","1400","7/4/2021","7/4/2021 11:38:56","0"
"1245","34","外卖","2100","7/4/2021","7/4/2021 17:48:12","0"
"1246","54","蒜苔香菇猪肉秋葵🍅🐟","4090","7/4/2021","7/4/2021 18:45:22","0"
"1247","53","拌面手抓饼","2170","7/4/2021","7/4/2021 18:45:41","0"
"1248","36","可可烟","900","7/4/2021","7/4/2021 23:00:47","0"
"1249","22","公交","1300","8/4/2021","9/4/2021 11:36:45","0"
"1250","30","工作餐","1560","8/4/2021","8/4/2021 11:28:28","0"
"1251","54","🥚葱🥒包菜","1620","8/4/2021","8/4/2021 14:23:04","0"
"1252","55","白砂糖","450","8/4/2021","8/4/2021 14:23:13","0"
"1253","56","🍐","400","9/4/2021","9/4/2021 10:35:35","0"
"1254","54","🎃🧅冬瓜青椒🐟","3090","9/4/2021","9/4/2021 10:48:47","0"
"1255","54","大桶水","690","9/4/2021","9/4/2021 10:49:06","0"
"1256","56","酸奶","780","9/4/2021","9/4/2021 10:49:20","0"
"1257","20","打车","1025","8/4/2021","9/4/2021 11:36:24","0"
"1258","30","工作餐","1570","9/4/2021","9/4/2021 11:36:31","0"
"1259","22","公交","1400","9/4/2021","9/4/2021 11:36:37","0"
"1260","36","可可烟","1800","9/4/2021","10/4/2021 08:11:18","0"
"1261","36","可可烟","900","9/4/2021","10/4/2021 08:11:26","0"
"1262","52","零食饮料","300","9/4/2021","10/4/2021 08:11:34","0"
"1263","30","工作餐","1790","10/4/2021","10/4/2021 11:40:07","0"
"1264","22","公交","1400","10/4/2021","10/4/2021 11:40:16","0"
"1265","22","公交","900","10/4/2021","10/4/2021 22:52:37","0"
"1266","20","打车","785","10/4/2021","10/4/2021 23:11:51","0"
"1267","30","工作餐","4100","10/4/2021","10/4/2021 23:12:06","0"
"1268","50","书📖","9840","10/4/2021","10/4/2021 23:14:21","0"
"1269","52","冰糖雪梨","450","11/4/2021","11/4/2021 22:19:34","0"
"1270","35","贴纸镜子","1400","11/4/2021","11/4/2021 22:19:52","0"
"1271","51","帽子","800","11/4/2021","11/4/2021 22:20:05","0"
"1272","54","榨菜","1080","11/4/2021","11/4/2021 22:20:40","0"
"1273","51","袜子","4900","11/4/2021","11/4/2021 22:21:01","0"
"1274","27","帽子","2400","11/4/2021","11/4/2021 22:21:12","0"
"1275","35","电池🔋","800","12/4/2021","12/4/2021 10:44:54","0"
"1276","56","枇杷🍇🍊","2748","12/4/2021","12/4/2021 10:45:24","0"
"1277","26","扑克牌","300","12/4/2021","12/4/2021 10:45:40","0"
"1278","54","花蛤🍅豆腐🥕甜豆木耳地瓜🌽","2672","12/4/2021","12/4/2021 10:46:28","0"
"1279","30","工作餐","1400","12/4/2021","12/4/2021 11:06:40","0"
"1280","22","公交","1400","12/4/2021","12/4/2021 11:06:47","0"
"1281","30","工作餐","1970","11/4/2021","12/4/2021 11:06:59","0"
"1282","22","公交","1400","11/4/2021","12/4/2021 11:07:05","0"
"1283","54","🐟大桶水","1840","13/4/2021","14/4/2021 17:55:12","0"
"1284","56","酸奶","780","13/4/2021","14/4/2021 17:55:05","0"
"1285","36","烟","2800","13/4/2021","14/4/2021 17:55:01","0"
"1286","54","花菜木耳山药香菇黄瓜","2920","13/4/2021","14/4/2021 17:55:08","0"
"1287","22","公交","400","14/4/2021","14/4/2021 17:56:21","0"
"1288","54","秋葵青椒","610","14/4/2021","14/4/2021 17:56:36","0"
"1289","58","维生素d3","6500","14/4/2021","15/4/2021 08:12:16","0"
"1290","22","公交","1500","14/4/2021","15/4/2021 08:12:33","0"
"1291","30","工作餐","1570","13/4/2021","15/4/2021 08:13:06","0"
"1292","22","公交","1400","13/4/2021","15/4/2021 08:13:14","0"
"1293","54","多宝鱼萝卜芦笋荷兰豆🥔🥚🧄","4570","15/4/2021","15/4/2021 22:23:23","0"
"1294","54","大桶水","600","15/4/2021","15/4/2021 22:21:37","0"
"1295","35","洗洁精小面包","3360","15/4/2021","15/4/2021 22:22:02","0"
"1296","54","馄炖生姜紫薯","3000","15/4/2021","15/4/2021 22:22:31","0"
"1297","35","抽纸3箱","11200","12/4/2021","15/4/2021 22:24:21","0"
"1298","56","火龙果","910","16/4/2021","16/4/2021 10:43:19","0"
"1299","54","蒜苔🧅肉🌽🥬","3580","16/4/2021","16/4/2021 10:44:00","0"
"1300","54","面包火腿豆浆鸡蛋","3200","16/4/2021","16/4/2021 10:52:12","0"
"1301","30","工作餐","1700","16/4/2021","16/4/2021 12:29:10","0"
"1302","30","工作餐","1600","15/4/2021","16/4/2021 12:29:33","0"
"1303","22","公交","1200","16/4/2021","16/4/2021 12:29:54","0"
"1304","22","公交","1200","15/4/2021","16/4/2021 12:30:12","0"
"1305","15","布布话费","5000","17/4/2021","17/4/2021 10:16:54","0"
"1306","34","凉皮","4400","18/4/2021","18/4/2021 12:51:35","0"
"1307","47","摘草莓","4400","18/4/2021","18/4/2021 12:52:07","0"
"1308","47","漂流","3000","18/4/2021","18/4/2021 12:52:18","0"
"1309","47","喂兔子","1000","18/4/2021","18/4/2021 12:52:31","0"
"1310","47","门票","3000","18/4/2021","18/4/2021 12:54:16","0"
"1311","20","打车","1750","18/4/2021","18/4/2021 12:55:08","0"
"1312","20","打车","3400","18/4/2021","18/4/2021 12:55:14","0"
"1313","57","纸尿裤","34400","19/4/2021","19/4/2021 13:41:14","0"
"1314","54","🦐🍗肉西兰花红豆香菇🥔🍠","5720","19/4/2021","19/4/2021 13:42:11","0"
"1315","50","红笔","150","19/4/2021","19/4/2021 20:04:38","0"
"1316","25","本子📒","250","19/4/2021","19/4/2021 20:04:47","0"
"1317","22","公交","200","20/4/2021","20/4/2021 10:45:18","0"
"1318","54","红皮花生莲子","4760","20/4/2021","20/4/2021 13:32:12","0"
"1319","56","芒果","700","20/4/2021","21/4/2021 09:18:43","0"
"1320","54","鸭肉🍆🥕🥦萝卜干毛豆","5930","20/4/2021","21/4/2021 09:19:35","0"
"1321","58","洗澡玩具","4800","22/4/2021","22/4/2021 12:18:09","0"
"1322","56","龙眼橘子","3600","22/4/2021","22/4/2021 12:18:46","0"
"1323","33","凉皮","600","22/4/2021","22/4/2021 12:19:04","0"
"1324","58","嘎嘎气球","500","22/4/2021","22/4/2021 12:19:19","0"
"1325","13","纸钱","10000","22/4/2021","22/4/2021 22:06:37","0"
"1326","12","弟媳水果","12400","24/4/2021","24/4/2021 09:36:20","0"
"1327","12","烟一条","14000","23/4/2021","24/4/2021 09:38:19","0"
"1328","21","大巴到建设","15200","21/4/2021","24/4/2021 09:37:59","0"
"1329","21","大田到建设","12400","24/4/2021","24/4/2021 15:41:27","0"
"1330","12","嫂子外婆喜多多","3000","24/4/2021","24/4/2021 15:41:51","0"
"1331","56","🍌🍐","920","25/4/2021","25/4/2021 13:38:37","0"
"1332","54","空心菜秋葵花菜🍅地瓜豆腐🍗","2750","25/4/2021","25/4/2021 13:39:44","0"
"1333","56","酸奶","780","25/4/2021","25/4/2021 13:40:03","0"
"1334","54","面包豆浆","930","25/4/2021","25/4/2021 13:40:29","0"
"1335","35","护垫","390","25/4/2021","25/4/2021 13:40:36","0"
"1336","22","公交","200","26/4/2021","26/4/2021 17:12:00","0"
"1337","55","油盐拌面","6680","26/4/2021","26/4/2021 17:13:20","0"
"1338","22","公交","400","26/4/2021","29/4/2021 23:37:38","0"
"1339","12","布🌹","10000","25/4/2021","26/4/2021 21:09:06","0"
"1340","52","雪糕","400","26/4/2021","26/4/2021 21:10:09","0"
"1341","52","可乐","300","26/4/2021","26/4/2021 21:10:17","0"
"1342","47","园博苑小火车","4000","26/4/2021","26/4/2021 21:10:43","0"
"1343","12","布蛋糕🍰","4800","25/4/2021","26/4/2021 21:11:32","0"
"1344","12","布鸡爪","1600","25/4/2021","26/4/2021 21:12:24","0"
"1345","36","可可烟","1600"